0.000000000000000000e+00,0.000000000000000000e+00,0.000000000000000000e+00,0.000000000000000000e+00,0.000000000000000000e+00,0.000000000000000000e+00,1.713608118006975322e-06,3.168426875454315172e-04,9.326183508008755113e-04,1.627798804592846632e+09
0.000000000000000000e+00,0.000000000000000000e+00,0.000000000000000000e+00,0.000000000000000000e+00,0.000000000000000000e+00,0.000000000000000000e+00,-4.412969020486341368e-05,5.293888888605578508e-04,2.664623859431074129e-04,1.627798804665884972e+09
0.000000000000000000e+00,0.000000000000000000e+00,0.000000000000000000e+00,0.000000000000000000e+00,0.000000000000000000e+00,0.000000000000000000e+00,-1.288025949965230978e-04,8.680805080271965062e-04,1.332311929715535980e-04,1.627798804733200788e+09
0.000000000000000000e+00,0.000000000000000000e+00,0.000000000000000000e+00,0.000000000000000000e+00,0.000000000000000000e+00,0.000000000000000000e+00,-2.637749212866765443e-04,1.233811972813418601e-03,-2.664623859431071960e-04,1.627798804799358368e+09
0.000000000000000000e+00,0.000000000000000000e+00,0.000000000000000000e+00,0.000000000000000000e+00,0.000000000000000000e+00,0.000000000000000000e+00,-4.349906015537271945e-04,1.496899481516447477e-03,1.332311929715535980e-04,1.627798804859978437e+09
0.000000000000000000e+00,0.000000000000000000e+00,0.000000000000000000e+00,0.000000000000000000e+00,0.000000000000000000e+00,0.000000000000000000e+00,-7.732140038453508366e-04,1.591088277091329967e-03,1.332311929715535980e-04,1.627798804918581247e+09
0.000000000000000000e+00,0.000000000000000000e+00,0.000000000000000000e+00,0.000000000000000000e+00,0.000000000000000000e+00,0.000000000000000000e+00,-1.182687570591224417e-03,1.664701502573734133e-03,-1.332311929715535980e-04,1.627798804983405828e+09
0.000000000000000000e+00,0.000000000000000000e+00,0.000000000000000000e+00,0.000000000000000000e+00,0.000000000000000000e+00,0.000000000000000000e+00,-1.565896468207938780e-03,1.893562371983716292e-03,1.598774315658643610e-03,1.627798805049211502e+09
0.000000000000000000e+00,0.000000000000000000e+00,0.000000000000000000e+00,0.000000000000000000e+00,0.000000000000000000e+00,0.000000000000000000e+00,-1.880248230561847120e-03,2.027161870984127250e-03,1.465543122687090012e-03,1.627798805114437103e+09
0.000000000000000000e+00,0.000000000000000000e+00,0.000000000000000000e+00,0.000000000000000000e+00,0.000000000000000000e+00,0.000000000000000000e+00,-2.136239991725597323e-03,2.101482059709087070e-03,2.664623859431074129e-04,1.627798805174828529e+09
0.000000000000000000e+00,0.000000000000000000e+00,0.000000000000000000e+00,0.000000000000000000e+00,0.000000000000000000e+00,0.000000000000000000e+00,-2.273142695848219021e-03,2.167398176508867919e-03,2.664623859431074129e-04,1.627798805242013454e+09
0.000000000000000000e+00,0.000000000000000000e+00,0.000000000000000000e+00,0.000000000000000000e+00,0.000000000000000000e+00,0.000000000000000000e+00,-2.368335282187763666e-03,2.294321624961593968e-03,1.199080736743982599e-03,1.627798805304049969e+09
0.000000000000000000e+00,0.000000000000000000e+00,0.000000000000000000e+00,0.000000000000000000e+00,0.000000000000000000e+00,0.000000000000000000e+00,-2.490018868642073727e-03,2.464678645997627881e-03,-3.996935789146610109e-04,1.627798805362859011e+09
0.000000000000000000e+00,0.000000000000000000e+00,0.000000000000000000e+00,0.000000000000000000e+00,0.000000000000000000e+00,0.000000000000000000e+00,-2.925783790452988163e-03,2.723611425624403257e-03,1.598774315658643610e-03,1.627798805423828363e+09
0.000000000000000000e+00,1.110000000000000014e-01,0.000000000000000000e+00,0.000000000000000000e+00,0.000000000000000000e+00,0.000000000000000000e+00,-3.309320339988335372e-03,2.806420453364989655e-03,5.329247718862146089e-04,1.627798805490912437e+09
0.000000000000000000e+00,1.499999999999999944e-01,0.000000000000000000e+00,0.000000000000000000e+00,0.000000000000000000e+00,0.000000000000000000e+00,-3.960776122382231139e-03,1.386696127596223713e-03,1.332311929715535980e-04,1.627798805550214052e+09
0.000000000000000000e+00,1.900000000000000022e-01,0.000000000000000000e+00,-7.561194324380680551e-03,1.309675714497409750e-02,5.040796216253787265e-02,-5.720725866455904710e-03,-2.049524114430825109e-04,3.996935789146610109e-04,1.627798805615469217e+09
0.000000000000000000e+00,3.639999999999999902e-01,0.000000000000000000e+00,-2.280753331423982649e-02,6.569848031487196538e-02,1.520502220949321859e-01,-7.280244110577040531e-03,5.474124415200639845e-03,5.409186434645077424e-02,1.627798805679290533e+09
0.000000000000000000e+00,4.660000000000000253e-01,0.000000000000000000e+00,-2.280753331423982649e-02,1.709019266546676907e-01,1.520502220949321859e-01,-1.362516614727646638e-02,2.101792615504091341e-02,2.825833602926652310e-01,1.627798805746947527e+09
0.000000000000000000e+00,4.349999999999999978e-01,0.000000000000000000e+00,-1.524634147338597978e-02,2.892021344411584982e-01,1.016422764892398745e-01,-1.830309911160438521e-02,3.519250548977143067e-02,3.579922155145646157e-01,1.627798805812632799e+09
0.000000000000000000e+00,4.349999999999999978e-01,0.000000000000000000e+00,7.561196807907510919e-03,4.339105468058779835e-01,-5.040797871938340613e-02,-1.379587279688421209e-02,4.424462296306737319e-02,2.242280977711247625e-01,1.627798805878297329e+09
0.000000000000000000e+00,4.269999999999999907e-01,0.000000000000000000e+00,-1.512238368170766567e-02,4.208138025660667081e-01,1.008158912113844424e-01,-1.190580499815114060e-02,5.211648884933092057e-02,-4.183459459306784062e-02,1.627798805942747593e+09
0.000000000000000000e+00,4.269999999999999907e-01,0.000000000000000000e+00,-7.561186873800154751e-03,4.077170411193716815e-01,5.040791249200103630e-02,-1.361656485629573338e-02,5.355131969809735076e-02,2.651300740133917186e-02,1.627798806005920410e+09
0.000000000000000000e+00,4.030000000000000249e-01,0.000000000000000000e+00,0.000000000000000000e+00,3.946202968795603505e-01,0.000000000000000000e+00,-1.631992137117485586e-02,5.229984149302471796e-02,3.210871750614442688e-02,1.627798806068644524e+09
0.000000000000000000e+00,3.790000000000000036e-01,0.000000000000000000e+00,0.000000000000000000e+00,4.208137853591829569e-01,0.000000000000000000e+00,-2.051322660885925367e-02,5.684401512814801771e-02,-7.634147357270022749e-02,1.627798806131047487e+09
0.000000000000000000e+00,3.790000000000000036e-01,0.000000000000000000e+00,7.685144665478468862e-03,3.813088451445847404e-01,-5.123429776985646139e-02,-1.630166105575480556e-02,5.888160278043505502e-02,-4.290044413684027114e-02,1.627798806198470116e+09
0.000000000000000000e+00,4.349999999999999978e-01,0.000000000000000000e+00,7.561206742014880966e-03,3.549006147560304081e-01,-5.040804494676587311e-02,-9.158081473755004184e-03,5.839768287326732588e-02,6.808113960846390311e-02,1.627798806261062384e+09
0.000000000000000000e+00,4.349999999999999978e-01,0.000000000000000000e+00,-7.685144665478468862e-03,3.813088451445847404e-01,5.123429776985646139e-02,-3.800078411196584731e-03,5.713562647737562006e-02,-5.848849371451204232e-02,1.627798806323630571e+09
0.000000000000000000e+00,4.590000000000000191e-01,0.000000000000000000e+00,7.561186873800154751e-03,4.077170411193716815e-01,-5.040791249200103630e-02,-5.219518467530717513e-03,3.779507065188081327e-02,-2.971055603265645995e-02,1.627798806388849735e+09
0.000000000000000000e+00,4.660000000000000253e-01,0.000000000000000000e+00,-7.561186873800154751e-03,4.077170411193716815e-01,5.040791249200103630e-02,-9.328391259257469773e-03,3.093772627332000424e-02,5.862172490748359527e-02,1.627798806450710535e+09
0.000000000000000000e+00,4.899999999999999911e-01,0.000000000000000000e+00,0.000000000000000000e+00,4.470073082525730102e-01,0.000000000000000000e+00,-1.024038112013658103e-02,3.387636026948603191e-02,-4.423275606655580755e-02,1.627798806510580063e+09
0.000000000000000000e+00,5.380000000000000338e-01,0.000000000000000000e+00,7.561186873800168629e-03,4.601040524923842856e-01,-5.040791249200112650e-02,-1.310461258648137201e-02,2.557957322723959648e-02,-3.197548631317287393e-02,1.627798806578489542e+09
0.000000000000000000e+00,5.380000000000000338e-01,0.000000000000000000e+00,0.000000000000000000e+00,4.998237690296816749e-01,0.000000000000000000e+00,-1.273031422274943127e-02,2.433063889111362899e-02,-4.223428817198249946e-02,1.627798806643262625e+09
0.000000000000000000e+00,5.450000000000000400e-01,0.000000000000000000e+00,0.000000000000000000e+00,5.260172575093042813e-01,0.000000000000000000e+00,-1.661699748633108445e-02,3.246992725225281845e-02,1.368284351817855571e-01,1.627798806708710194e+09
0.000000000000000000e+00,5.450000000000000400e-01,0.000000000000000000e+00,0.000000000000000000e+00,5.260172575093042813e-01,0.000000000000000000e+00,-2.397110598414000510e-02,3.295831755315011685e-02,-5.609033224102408233e-02,1.627798806774019957e+09
0.000000000000000000e+00,5.450000000000000400e-01,0.000000000000000000e+00,7.561186873800140873e-03,5.391140017491156122e-01,-5.040791249200093915e-02,-2.831217652890626740e-02,2.647939472947327677e-02,2.931086245374179590e-03,1.627798806835343599e+09
0.000000000000000000e+00,5.450000000000000400e-01,0.000000000000000000e+00,0.000000000000000000e+00,5.522107459889269432e-01,0.000000000000000000e+00,-3.666638214389894568e-02,1.932856499254048677e-02,7.754055430944421790e-02,1.627798806902650356e+09
0.000000000000000000e+00,5.450000000000000400e-01,0.000000000000000000e+00,-7.685144665478482739e-03,5.655221977239024422e-01,5.123429776985655160e-02,-3.539391894654107806e-02,1.780564872141694732e-02,1.252373213932604125e-02,1.627798806971939802e+09
1.029999999999999943e-01,4.899999999999999911e-01,0.000000000000000000e+00,7.685144665478482739e-03,5.655221977239024422e-01,-5.123429776985655160e-02,-2.635455421107470858e-02,2.229369726680379207e-02,4.916231020650328742e-02,1.627798807035799980e+09
1.029999999999999943e-01,4.899999999999999911e-01,0.000000000000000000e+00,2.280751841307879224e-02,5.393287092442798913e-01,-1.520501227538586242e-01,-2.187242780287050603e-02,2.416827081158844440e-02,-2.086400481934529982e-01,1.627798807101871729e+09
2.690000000000000169e-01,4.349999999999999978e-01,0.000000000000000000e+00,6.061351306723119364e-02,4.996090271207499489e-01,4.958152721414558345e-02,-1.421913300309314912e-02,7.727584877633489335e-04,7.314392494138294287e-02,1.627798807169253826e+09
2.690000000000000169e-01,4.349999999999999978e-01,0.000000000000000000e+00,8.354499446959640085e-02,4.865122828809386180e-01,5.040792904884651426e-02,-4.369462810783437956e-03,-2.350744740946683967e-02,-2.051760371761926147e-02,1.627798807231685638e+09
2.690000000000000169e-01,4.349999999999999978e-01,0.000000000000000000e+00,1.823363105443639998e-01,4.734155214342435913e-01,-8.262859367818194958e-04,8.083456959402978217e-03,-4.116558141472923676e-02,-1.718682389333042043e-02,1.627798807298490763e+09
2.690000000000000169e-01,4.349999999999999978e-01,0.000000000000000000e+00,2.125811079369372136e-01,4.734155214342436468e-01,-5.123443022462130514e-02,1.453829108801656111e-02,-5.438627468277408561e-02,9.845785160597814167e-02,1.627798807362149715e+09
1.980000000000000093e-01,5.380000000000000338e-01,0.000000000000000000e+00,2.506349782148996064e-01,4.603187771944323714e-01,-6.622738246697679187e-08,1.143059555170184913e-02,-5.401031151621863563e-02,-1.324318058137243237e-01,1.627798807428732395e+09
1.660000000000000087e-01,5.610000000000000542e-01,0.000000000000000000e+00,2.581961750228071173e-01,4.472220157477373448e-01,-5.040804494676587311e-02,6.387922926087054136e-03,-4.404282505757436267e-02,6.861406438035012878e-02,1.627798807493827343e+09
0.000000000000000000e+00,7.269999999999999796e-01,0.000000000000000000e+00,2.355125845990845568e-01,4.603187427806648691e-01,1.008158912113845396e-01,-2.285486582307196153e-03,-2.738691219874525920e-02,8.606735065962364817e-02,1.627798807555220366e+09
0.000000000000000000e+00,8.060000000000000497e-01,0.000000000000000000e+00,2.050198910339792180e-01,5.127057885674449755e-01,-1.520501558675497744e-01,-1.190865910894062241e-02,-2.045022568081985084e-02,-1.918529178790372436e-01,1.627798807616135120e+09
0.000000000000000000e+00,8.139999999999999458e-01,0.000000000000000000e+00,1.291600710321834100e-01,5.917157206172924955e-01,-2.536925813684002273e-01,-2.037447172953979480e-02,-1.374084026075797146e-02,-3.777104320743545629e-01,1.627798807682003975e+09
0.000000000000000000e+00,8.139999999999999458e-01,0.000000000000000000e+00,7.437259338115623925e-03,7.759291420241452020e-01,2.528660470789342307e-01,-2.187670525871071234e-02,1.246165663142965660e-02,-2.847150593802101337e-01,1.627798807741931915e+09
0.000000000000000000e+00,8.139999999999999458e-01,0.000000000000000000e+00,3.780598923342709528e-02,7.233273887422007054e-01,-1.008160402229948127e-01,-1.205761429481062331e-02,3.648092602055331285e-02,-4.636445515410066165e-02,1.627798807801268339e+09
0.000000000000000000e+00,7.269999999999999796e-01,0.000000000000000000e+00,3.036870528687893311e-02,7.890258862639564219e-01,-2.024580352458595633e-01,-4.455389526444918612e-03,3.800625201741641285e-02,-3.930320192660832074e-02,1.627798807865571022e+09
0.000000000000000000e+00,7.189999999999999725e-01,0.000000000000000000e+00,-7.561186873800168629e-03,8.285308264785546939e-01,5.040791249200112650e-02,-1.806535111201759344e-04,2.604256864927083706e-02,-1.931852298087527800e-02,1.627798807926955462e+09
0.000000000000000000e+00,6.560000000000000275e-01,0.000000000000000000e+00,-1.524633153927862361e-02,7.890258862639565329e-01,1.016422102618574907e-01,2.898188534873775805e-03,2.316460462886243965e-02,2.624654501539606249e-02,1.627798807987099171e+09
0.000000000000000000e+00,7.039999999999999591e-01,0.000000000000000000e+00,-1.524633153927862361e-02,7.628323977843338710e-01,1.016422102618574907e-01,4.617419251136021044e-03,2.438550760128055730e-02,-3.024348080454267174e-02,1.627798808052116394e+09
0.000000000000000000e+00,7.189999999999999725e-01,0.000000000000000000e+00,1.524635140749336371e-02,6.838224141138351531e-01,-1.016423427166224247e-01,6.092189670057274013e-03,2.364420013006748172e-02,-1.454884627249365681e-01,1.627798808112704277e+09
0.000000000000000000e+00,7.269999999999999796e-01,0.000000000000000000e+00,1.512241348402976193e-02,7.102306445023893744e-01,-1.008160898935317462e-01,-5.594183584499108804e-03,2.185934284654504969e-02,1.263031709370328326e-01,1.627798808173236132e+09
0.000000000000000000e+00,7.349999999999999867e-01,0.000000000000000000e+00,7.561206742014880966e-03,7.233274231559682077e-01,-5.040804494676587311e-02,-1.813769482902134050e-02,2.452474297015142662e-02,4.343336890872648293e-02,1.627798808237129211e+09
0.000000000000000000e+00,7.349999999999999867e-01,0.000000000000000000e+00,-1.512239361581502184e-02,7.364241673957795387e-01,1.008159574387668123e-01,-1.662721377590204927e-02,3.800675462632644580e-02,7.154515062572430750e-02,1.627798808296626091e+09
-1.419999999999999873e-01,6.800000000000000488e-01,0.000000000000000000e+00,-7.561206742014880966e-03,7.233274231559682077e-01,5.040804494676587311e-02,-1.248964846570306195e-02,4.272947672315714068e-02,8.526796350179433048e-02,1.627798808364788532e+09
-1.660000000000000087e-01,6.560000000000000275e-01,0.000000000000000000e+00,0.000000000000000000e+00,7.626176902891695919e-01,0.000000000000000000e+00,-1.413137637429899215e-02,3.323264968754156834e-02,2.797855052402626209e-03,1.627798808429410934e+09
-1.660000000000000087e-01,6.169999999999999929e-01,0.000000000000000000e+00,-5.317627856438406075e-02,7.233273887422007054e-01,2.032846357627079159e-01,-2.923095831723111770e-02,3.672186092024713050e-02,2.287579583321575627e-01,1.627798808497977495e+09
-1.660000000000000087e-01,6.169999999999999929e-01,0.000000000000000000e+00,-1.517196991508455439e-01,6.840371216089993212e-01,1.016423758303135194e-01,-4.413161259118568436e-02,4.725401721557064005e-02,-9.459414700980307844e-03,1.627798808564262629e+09
-1.660000000000000087e-01,6.169999999999999929e-01,0.000000000000000000e+00,-1.364733676115669203e-01,6.576289256342124911e-01,1.655684560286641016e-07,-5.064112577430422701e-02,4.205942569544204174e-02,-7.354361852029760172e-02,1.627798808625370979e+09
-1.270000000000000018e-01,6.169999999999999929e-01,0.000000000000000000e+00,-1.592808860246457403e-01,6.181239854196143302e-01,1.520502883223146529e-01,-5.281519771807215158e-02,4.311974811792242818e-02,7.807347908133042969e-02,1.627798808691791296e+09
0.000000000000000000e+00,6.480000000000000204e-01,0.000000000000000000e+00,-1.365973152423021197e-01,6.312207296594256611e-01,1.520503214360058031e-01,-4.265967273663991144e-02,5.091841690805667953e-02,2.025114133167615071e-01,1.627798808757666349e+09
0.000000000000000000e+00,6.480000000000000204e-01,0.000000000000000000e+00,-1.746511758129928871e-01,6.181239510058469389e-01,-5.040794560569226979e-02,-4.109357590985455305e-02,4.868231015275159557e-02,-2.291576519110722632e-01,1.627798808822833300e+09
0.000000000000000000e+00,6.480000000000000204e-01,0.000000000000000000e+00,-4.549111403069086568e-02,6.314353683270550466e-01,1.520502055380866246e-01,-4.472255266251013578e-02,6.474269238846244723e-02,1.612097434955798991e-02,1.627798808886035681e+09
0.000000000000000000e+00,6.169999999999999929e-01,0.000000000000000000e+00,2.268359087739421978e-02,6.443174394854694897e-01,1.512238368170768787e-01,-5.104629534197956814e-02,7.284152073234434477e-02,8.486826992287967164e-02,1.627798808947461128e+09
0.000000000000000000e+00,5.929999999999999716e-01,0.000000000000000000e+00,1.512238887559719420e-02,6.574141837252808207e-01,5.040796216253787265e-02,-6.046893747372160399e-02,6.490517620218014261e-02,2.558038905053829429e-02,1.627798809007238388e+09
0.000000000000000000e+00,5.450000000000000400e-01,0.000000000000000000e+00,1.512238887559719420e-02,6.312206952456581588e-01,5.040796216253787265e-02,-5.511924872130403302e-02,6.946330986399697205e-02,-6.181927353880087989e-02,1.627798809071897268e+09
0.000000000000000000e+00,3.079999999999999960e-01,0.000000000000000000e+00,7.561206742014880966e-03,5.919304281124568856e-01,-5.040804494676587311e-02,-4.811968971032475062e-02,6.834423143245438315e-02,-1.075175727280437699e-01,1.627798809139307261e+09
0.000000000000000000e+00,0.000000000000000000e+00,0.000000000000000000e+00,0.000000000000000000e+00,5.788336494588780523e-01,0.000000000000000000e+00,-4.703549165215154676e-02,6.060329045797041569e-02,2.651300740133917186e-02,1.627798809203252792e+09
0.000000000000000000e+00,0.000000000000000000e+00,0.000000000000000000e+00,-7.685164533693195077e-03,4.865122828809386180e-01,5.123443022462130514e-02,-4.174277152191425977e-02,5.176970340008191229e-02,1.349631984801838158e-01,1.627798809269142628e+09
0.000000000000000000e+00,0.000000000000000000e+00,0.000000000000000000e+00,-2.268358297314203992e-02,1.309675714497409750e-02,1.512238864876136180e-01,-3.817892900240767856e-02,3.426039015207132943e-02,7.181161301166741340e-02,1.627798809339221954e+09
0.000000000000000000e+00,0.000000000000000000e+00,0.000000000000000000e+00,0.000000000000000000e+00,0.000000000000000000e+00,0.000000000000000000e+00,-3.899549038469049544e-02,1.873139825041215609e-02,1.585451196361488055e-02,1.627798809403794765e+09
0.000000000000000000e+00,0.000000000000000000e+00,0.000000000000000000e+00,0.000000000000000000e+00,0.000000000000000000e+00,0.000000000000000000e+00,-3.892717838458847890e-02,1.874278358376249218e-02,9.992339472866523103e-03,1.627798809470777035e+09
0.000000000000000000e+00,0.000000000000000000e+00,0.000000000000000000e+00,0.000000000000000000e+00,0.000000000000000000e+00,0.000000000000000000e+00,-3.831550590978367865e-02,1.893099049908704423e-02,1.732005508630197208e-03,1.627798809543807745e+09
0.000000000000000000e+00,0.000000000000000000e+00,0.000000000000000000e+00,0.000000000000000000e+00,0.000000000000000000e+00,0.000000000000000000e+00,-3.873786179098897414e-02,1.825443894863782238e-02,5.329247718862146089e-04,1.627798809617177486e+09
0.000000000000000000e+00,0.000000000000000000e+00,1.026999999999999913e+00,0.000000000000000000e+00,0.000000000000000000e+00,0.000000000000000000e+00,-3.898279758318749788e-02,1.757017387836893804e-02,3.996935789146610109e-04,1.627798809680255651e+09
0.000000000000000000e+00,0.000000000000000000e+00,-1.149999999999999911e+00,0.000000000000000000e+00,0.000000000000000000e+00,0.000000000000000000e+00,-3.772157630011279544e-02,1.478975423159062039e-02,4.476568083844201934e-02,1.627798809750530958e+09
0.000000000000000000e+00,0.000000000000000000e+00,-1.461000000000000076e+00,8.342103464806281676e-02,-1.309675714497409750e-02,3.536820541882381153e-01,-4.360289085072217852e-02,1.738515215068545117e-02,-2.254271785078687529e-01,1.627798809814818144e+09
0.000000000000000000e+00,0.000000000000000000e+00,-1.322999999999999954e+00,-7.561194551216513654e-03,-1.309675714497409750e-02,-1.008159243250757453e-01,-5.883144192601539452e-02,4.015116094254843337e-02,-1.433567636373917209e-01,1.627798809879727364e+09
0.000000000000000000e+00,0.000000000000000000e+00,-1.237999999999999989e+00,1.512239225108159835e-02,0.000000000000000000e+00,-1.010638233515867679e+00,-6.606488147375566555e-02,5.679148793047277682e-02,-1.249442127687229842e+00,1.627798809939949274e+09
0.000000000000000000e+00,0.000000000000000000e+00,-1.372999999999999998e+00,7.685143073909120326e-03,-1.331145173497556844e-02,-1.112280510005107415e+00,-7.085280872838847777e-02,5.950668629372301427e-02,-1.211604468883308749e+00,1.627798809999952078e+09
0.000000000000000000e+00,0.000000000000000000e+00,-1.570999999999999952e+00,-7.685146487602156906e-03,-1.331145173497556844e-02,-1.163514807774963966e+00,-7.650517450297555921e-02,6.101195945088472988e-02,-1.188555472499229770e+00,1.627798810064927340e+09
0.000000000000000000e+00,0.000000000000000000e+00,-1.570999999999999952e+00,-7.561193889813300206e-03,-1.309675284325316491e-02,-1.315564996756204863e+00,-7.654088199765173017e-02,6.036525704730517916e-02,-1.574526238537820699e+00,1.627798810131695032e+09
0.000000000000000000e+00,0.000000000000000000e+00,-1.570999999999999952e+00,-7.561199083702896395e-03,-1.309676144669502662e-02,-1.466788899800663959e+00,-7.545039190953756192e-02,5.874163847166852942e-02,-1.369216970168656511e+00,1.627798810195687056e+09
0.000000000000000000e+00,0.000000000000000000e+00,-1.570999999999999952e+00,1.524633942442654710e-02,2.640821318167060894e-02,-1.467615218851137104e+00,-7.368995211464132722e-02,5.336040223375600189e-02,-1.587316433063089782e+00,1.627798810264769316e+09
0.000000000000000000e+00,0.000000000000000000e+00,-1.570999999999999952e+00,1.239455817755863443e-04,2.640821318167060894e-02,-1.518023197570520511e+00,-7.520045542982477238e-02,5.046982903729073378e-02,-1.599174009237558147e+00,1.627798810337064266e+09
0.000000000000000000e+00,0.000000000000000000e+00,-1.570999999999999952e+00,-7.437246259078267308e-03,3.950496602492377385e-02,-1.467615251964828227e+00,-7.716627703713235809e-02,4.549910868738440278e-02,-1.628618102884271446e+00,1.627798810398938179e+09
0.000000000000000000e+00,0.000000000000000000e+00,-1.570999999999999952e+00,3.036872333296998516e-02,2.640821318167060894e-02,-1.417207273245444821e+00,-7.530652374803319116e-02,4.144651196785486408e-02,-1.685241359897181823e+00,1.627798810458888054e+09
0.000000000000000000e+00,0.000000000000000000e+00,-1.570999999999999952e+00,4.573901786153491966e-02,5.260172747161880047e-02,-1.365973008589279392e+00,-7.356779531661811200e-02,4.027114776013838299e-02,-1.480465016299903791e+00,1.627798810519274712e+09
0.000000000000000000e+00,0.000000000000000000e+00,-1.570999999999999952e+00,-3.792991498891504221e-02,-1.331145173497558232e-02,-1.720481365271144814e+00,-7.150000318066811189e-02,3.794333385858987551e-02,-1.689637989265243112e+00,1.627798810579294443e+09
0.000000000000000000e+00,0.000000000000000000e+00,-1.570999999999999952e+00,-3.036873782238663777e-02,-2.640821318167060894e-02,-1.619665474059760468e+00,-6.767870616821816676e-02,4.233227240787307277e-02,-1.606102031272078845e+00,1.627798810650784492e+09
0.000000000000000000e+00,0.000000000000000000e+00,-1.570999999999999952e+00,-4.549113189187350970e-02,-2.640821318167060894e-02,-1.821297388937294537e+00,-5.048698980652913809e-02,3.725374758416508114e-02,-1.523232229243772551e+00,1.627798810716949940e+09
0.000000000000000000e+00,0.000000000000000000e+00,-1.570999999999999952e+00,2.918094238468782464e-09,2.619351428994819153e-02,-1.365972975475588491e+00,-3.266700888237171474e-02,2.920770330792945429e-02,-1.883356143845882125e+00,1.627798810784578800e+09
0.000000000000000000e+00,0.000000000000000000e+00,-1.570999999999999952e+00,2.280753623233405802e-02,1.331145173497558232e-02,-1.518023197570520511e+00,-2.944216265835855259e-02,3.059161082657881059e-02,-1.304200147998538339e+00,1.627798810847219467e+09
0.000000000000000000e+00,0.000000000000000000e+00,-1.570999999999999952e+00,-3.805388248786512051e-02,1.309676144669502662e-02,-1.568431176289903917e+00,-3.039454517948031453e-02,2.877669319198828193e-02,-1.905206059493216753e+00,1.627798810913305521e+09
0.000000000000000000e+00,0.000000000000000000e+00,-1.570999999999999952e+00,1.537028705516158000e-02,0.000000000000000000e+00,-1.619665474059760468e+00,-3.162319278152569968e-02,2.493206896123371930e-02,-1.350564603152639043e+00,1.627798810978237391e+09
0.000000000000000000e+00,0.000000000000000000e+00,-1.570999999999999952e+00,3.792992014087749608e-02,1.331145173497558232e-02,-1.467615251964828227e+00,-2.924765472264405364e-02,2.409337708930031283e-02,-1.641941222181426907e+00,1.627798811039421797e+09
0.000000000000000000e+00,0.000000000000000000e+00,-1.570999999999999952e+00,-3.049268567995758183e-02,0.000000000000000000e+00,-1.618839155009287545e+00,-2.492153001443801058e-02,2.411807428078388549e-02,-1.745728321506267111e+00,1.627798811102585316e+09
0.000000000000000000e+00,0.000000000000000000e+00,-1.570999999999999952e+00,1.239455817755863443e-04,2.640821318167060894e-02,-1.518023197570520511e+00,-2.454403219251105606e-02,1.984460534794413658e-02,-1.485927495211737615e+00,1.627798811166662455e+09
0.000000000000000000e+00,0.000000000000000000e+00,-1.570999999999999952e+00,-7.685147171828166091e-03,3.950497462836563556e-02,-1.619665474059760468e+00,-2.501422753712538583e-02,1.569796881742292760e-02,-1.716817152631439969e+00,1.627798811231303215e+09
0.000000000000000000e+00,0.000000000000000000e+00,-1.570999999999999952e+00,1.239455817755863443e-04,-2.640821318167060894e-02,-1.518023197570520511e+00,-2.502638904590492180e-02,1.499665514446967170e-02,-1.704959576456971826e+00,1.627798811295268774e+09
0.000000000000000000e+00,0.000000000000000000e+00,-1.570999999999999952e+00,-2.275795357720156176e-09,0.000000000000000000e+00,-1.517196878520047809e+00,-2.995898603905732330e-02,1.807330023868341726e-02,-1.439030115285750755e+00,1.627798811359833002e+09
0.000000000000000000e+00,0.000000000000000000e+00,-1.570999999999999952e+00,-7.685147171828166091e-03,-1.331145173497558232e-02,-1.619665474059760468e+00,-3.469880597198350680e-02,2.128598024463423943e-02,-1.735735982033400626e+00,1.627798811421370268e+09
0.000000000000000000e+00,0.000000000000000000e+00,-1.570999999999999952e+00,7.685142389683097264e-03,1.331145173497558232e-02,-1.568431176289903917e+00,-3.633359567995574080e-02,2.025569476951347495e-02,-1.315924492980035110e+00,1.627798811486100197e+09
0.000000000000000000e+00,0.000000000000000000e+00,-1.570999999999999952e+00,7.561194758948064365e-03,1.309676144669502662e-02,-1.416380921081280553e+00,-3.472651867422171107e-02,1.566565728646962183e-02,-1.747193864628954207e+00,1.627798811545460701e+09
0.000000000000000000e+00,0.000000000000000000e+00,-1.570999999999999952e+00,-7.685147171828166091e-03,-1.331145173497558232e-02,-1.619665474059760468e+00,-3.477381243164779506e-02,1.579464026126804060e-02,-1.291942878245155413e+00,1.627798811608968496e+09
0.000000000000000000e+00,0.000000000000000000e+00,-1.570999999999999952e+00,-2.280754101447912685e-02,-1.331145173497558232e-02,-1.670073452779143874e+00,-3.127044381048760952e-02,1.603140858732583079e-02,-1.731739046244254121e+00,1.627798811671031952e+09
0.000000000000000000e+00,0.000000000000000000e+00,-1.570999999999999952e+00,-2.280754101447912685e-02,-3.950497462836563556e-02,-1.670073452779143874e+00,-2.820903410237367639e-02,2.242791724948980936e-02,-1.526429777875089933e+00,1.627798811732004166e+09
0.000000000000000000e+00,0.000000000000000000e+00,-1.570999999999999952e+00,7.561194758948064365e-03,1.309676144669502662e-02,-1.416380921081280553e+00,-2.974653017034868327e-02,2.967494778739853192e-02,-1.708157125088288986e+00,1.627798811804546356e+09
0.000000000000000000e+00,0.000000000000000000e+00,-8.040000000000000480e-01,-2.268358773246426097e-02,-1.309675284325316491e-02,-1.365972975475588269e+00,-3.216199409965336126e-02,3.048410817499313391e-02,-1.435432873075518811e+00,1.627798811872500658e+09
0.000000000000000000e+00,0.000000000000000000e+00,1.570999999999999952e+00,-5.317627113662648508e-02,1.309675284325316491e-02,-1.467615251964828227e+00,-3.374698328469310366e-02,3.035311733325431194e-02,-1.225460512952350145e+00,1.627798811940049410e+09
0.000000000000000000e+00,0.000000000000000000e+00,1.570999999999999952e+00,7.685143073909120326e-03,-1.331145173497556844e-02,-1.112280510005107415e+00,-3.285734739033940172e-02,2.625069154968438789e-02,-8.846551213311160122e-02,1.627798812012013912e+09
0.000000000000000000e+00,0.000000000000000000e+00,1.570999999999999952e+00,6.061350133382299027e-02,5.260172316989786961e-02,5.057322762831703011e-01,-2.576777272187608103e-02,2.220540963069722248e-02,5.954102013898732171e-01,1.627798812079114676e+09
0.000000000000000000e+00,0.000000000000000000e+00,1.570999999999999952e+00,2.280753039614559496e-02,1.331145173497556844e-02,1.213922753380656250e+00,-1.367601412886868331e-02,2.483025612221242268e-02,1.364953571993567039e+00,1.627798812148291349e+09
0.000000000000000000e+00,0.000000000000000000e+00,1.570999999999999952e+00,-4.561507451362756260e-02,-7.900994925673127112e-02,1.670073452779143874e+00,-9.587363425613129597e-03,2.779452788207269903e-02,1.726409798525391892e+00,1.627798812208186388e+09
0.000000000000000000e+00,0.000000000000000000e+00,1.570999999999999952e+00,-1.524632926348326589e-02,-5.260171886817693876e-02,1.618839088781905300e+00,-1.216125704696458323e-02,3.219724065543702607e-02,1.680178574564262783e+00,1.627798812275497913e+09
0.000000000000000000e+00,0.000000000000000000e+00,1.570999999999999952e+00,-2.280753623233405802e-02,1.331145173497558232e-02,1.518023197570520511e+00,-1.135596041185124583e-02,3.821857031798496507e-02,1.720680857227615101e+00,1.627798812338663578e+09
0.000000000000000000e+00,0.000000000000000000e+00,1.570999999999999952e+00,7.685147171828166091e-03,3.950497462836563556e-02,1.619665474059760468e+00,-1.173656750207226554e-02,4.201636715301643871e-02,1.542417521031676397e+00,1.627798812402240992e+09
0.000000000000000000e+00,0.000000000000000000e+00,1.570999999999999952e+00,-1.537028705516158000e-02,0.000000000000000000e+00,1.619665474059760468e+00,-1.260333240773104865e-02,4.085931777423608413e-02,1.502981087912096614e+00,1.627798812473885536e+09
0.000000000000000000e+00,0.000000000000000000e+00,1.570999999999999952e+00,-7.685142389683097264e-03,-1.331145173497558232e-02,1.568431176289903917e+00,-1.093733742214751843e-02,4.209521909885294289e-02,1.719881470069785756e+00,1.627798812534938574e+09
0.000000000000000000e+00,0.000000000000000000e+00,1.570999999999999952e+00,1.512239092455672229e-02,-2.619351428994819153e-02,1.416380954194972119e+00,-1.002553921480791969e-02,4.664451015462178773e-02,1.554808021978030919e+00,1.627798812598360300e+09
0.000000000000000000e+00,0.000000000000000000e+00,1.570999999999999952e+00,-1.524634439148020437e-02,-5.260172747161880047e-02,1.467615251964828227e+00,-4.692290996771023362e-03,4.511945829510001504e-02,1.599040778044586775e+00,1.627798812662711382e+09
0.000000000000000000e+00,0.000000000000000000e+00,1.570999999999999952e+00,-2.280753600549814686e-02,6.569849752175568880e-02,1.669247133728671173e+00,-6.072784428093998960e-03,4.229437709457121303e-02,1.681377655301006913e+00,1.627798812730179787e+09
0.000000000000000000e+00,0.000000000000000000e+00,1.570999999999999952e+00,7.561194116649211372e-03,-6.591317920659436891e-02,1.466788932914355525e+00,-8.854162199864347785e-03,4.356224160591951750e-02,1.544415988926249650e+00,1.627798812795928240e+09
0.000000000000000000e+00,0.000000000000000000e+00,1.570999999999999952e+00,7.437246259078267308e-03,3.950496602492377385e-02,1.467615251964828227e+00,-8.586062729909443858e-03,4.274169474333026214e-02,1.439696271250608506e+00,1.627798812865505219e+09
0.000000000000000000e+00,0.000000000000000000e+00,1.570999999999999952e+00,-7.685142389683097264e-03,3.950497462836563556e-02,1.568431176289903917e+00,-7.574854702127758500e-03,4.069748541130607800e-02,1.759317903189365762e+00,1.627798812934287786e+09
0.000000000000000000e+00,0.000000000000000000e+00,1.570999999999999952e+00,-1.524633919759060818e-02,2.640821318167060894e-02,1.618839155009287323e+00,-1.233216748008253080e-03,3.900235552007794149e-02,1.501915238368324079e+00,1.627798812994038582e+09
0.000000000000000000e+00,0.000000000000000000e+00,1.570999999999999952e+00,7.561199083702896395e-03,-1.309676144669502662e-02,1.466788899800663959e+00,6.014470948909747712e-03,3.689142478389472596e-02,1.583852422045829655e+00,1.627798813057487965e+09
0.000000000000000000e+00,0.000000000000000000e+00,1.570999999999999952e+00,1.524634397973567701e-02,2.640821318167060894e-02,1.569257495340377062e+00,8.098234403426631672e-03,3.842662172292326400e-02,1.812610380377987163e+00,1.627798813128127813e+09
0.000000000000000000e+00,0.000000000000000000e+00,1.570999999999999952e+00,1.524634397973567701e-02,2.640821318167060894e-02,1.569257495340377062e+00,8.341421767355514105e-03,4.094766406231934580e-02,1.476201618124814319e+00,1.627798813192859888e+09
0.000000000000000000e+00,0.000000000000000000e+00,6.570000000000000284e-01,-1.239455817755863443e-04,-2.640821318167060894e-02,1.518023197570520511e+00,1.349736591598922966e-02,3.811333040543318784e-02,1.719082082911956411e+00,1.627798813257273674e+09
0.000000000000000000e+00,0.000000000000000000e+00,2.669999999999999929e+00,7.685147171828166091e-03,-1.331145173497558232e-02,1.619665474059760468e+00,1.432907235176537029e-02,4.209123946947361528e-02,1.437164878584149097e+00,1.627798813321913004e+09
0.000000000000000000e+00,0.000000000000000000e+00,3.141999999999999904e+00,-7.685143073909120326e-03,1.331145173497556844e-02,1.112280510005107415e+00,1.423789535660109282e-02,4.825956140319608706e-02,1.968890569733619644e+00,1.627798813386438847e+09
0.000000000000000000e+00,0.000000000000000000e+00,3.141999999999999904e+00,-1.524632835242120676e-02,-2.640819597478688552e-02,2.226213790565926054e+00,1.583999336606286418e-02,4.558535235204904529e-02,2.756153689002529994e+00,1.627798813449477673e+09
0.000000000000000000e+00,0.000000000000000000e+00,3.141999999999999904e+00,3.049271707756789906e-02,2.619350568650632982e-02,2.682364423737030990e+00,1.669007028593552655e-02,4.226600437921293474e-02,2.890051037938941469e+00,1.627798813514375448e+09
0.000000000000000000e+00,0.000000000000000000e+00,3.141999999999999904e+00,-7.561182545326394777e-03,-1.309674423981130320e-02,2.936057087889659467e+00,2.564137257463664638e-02,4.267598769014580712e-02,3.131066266024481681e+00,1.627798813580695152e+09
0.000000000000000000e+00,0.000000000000000000e+00,3.141999999999999904e+00,4.555309407461294313e-09,0.000000000000000000e+00,3.036872912873661789e+00,2.789664268601557001e-02,4.521860881957687206e-02,3.023815155682381128e+00,1.627798813644658089e+09
0.000000000000000000e+00,0.000000000000000000e+00,3.141999999999999904e+00,7.685169089002630294e-03,-3.950497462836566331e-02,2.985638482649040082e+00,1.709168734191118810e-02,4.005533859666316615e-02,3.359690993163667816e+00,1.627798813706607580e+09
0.000000000000000000e+00,0.000000000000000000e+00,3.141999999999999904e+00,5.012699366702122461e-09,0.000000000000000000e+00,3.341799543659234040e+00,7.439564856012315791e-03,3.471708227042395734e-02,3.323585339868377009e+00,1.627798813769316673e+09
0.000000000000000000e+00,0.000000000000000000e+00,3.141999999999999904e+00,4.561508180212259234e-02,2.619348847962263416e-02,3.188923168082284931e+00,-6.105867710604565707e-04,3.141148597419374244e-02,3.284948293906626127e+00,1.627798813842042208e+09
0.000000000000000000e+00,0.000000000000000000e+00,3.141999999999999904e+00,1.537029434365633218e-02,0.000000000000000000e+00,3.239330948119520937e+00,-1.401791705079010429e-02,2.116259403838844852e-02,3.212736987316044068e+00,1.627798813911833286e+09
0.000000000000000000e+00,0.000000000000000000e+00,3.141999999999999904e+00,3.792991749526503087e-02,3.950497462836566331e-02,3.391381335782909900e+00,-2.159457854775316543e-02,9.543946549577920699e-03,3.324118264640262943e+00,1.627798813979266167e+09
0.000000000000000000e+00,0.000000000000000000e+00,3.141999999999999904e+00,2.280754352082908776e-02,3.950497462836566331e-02,3.340973423290908961e+00,-1.568149003795767799e-02,8.742022474478979011e-03,3.025014236419125258e+00,1.627798814046379566e+09
0.000000000000000000e+00,0.000000000000000000e+00,3.141999999999999904e+00,1.239429361629684756e-04,5.260171886817693876e-02,3.340973290836143139e+00,-7.367059881749423930e-03,1.911023208159964154e-02,3.610831791915046551e+00,1.627798814114392996e+09
0.000000000000000000e+00,0.000000000000000000e+00,3.141999999999999904e+00,7.561191655945209700e-03,1.309674423981133096e-02,3.137688737857663668e+00,-2.301126253200323248e-03,2.525652056543836732e-02,3.022882537331580188e+00,1.627798814178587914e+09
0.000000000000000000e+00,0.000000000000000000e+00,3.141999999999999904e+00,-7.685159751548154006e-03,-3.950497462836566331e-02,3.239331080574285870e+00,-8.340760898002168300e-03,2.361696320809783881e-02,3.378476591372657101e+00,1.627798814246412039e+09
0.000000000000000000e+00,0.000000000000000000e+00,3.141999999999999904e+00,7.561191655945209700e-03,1.309674423981133096e-02,3.137688737857663668e+00,-1.245239290133465584e-02,2.064092480568575222e-02,3.465609791576052867e+00,1.627798814313614845e+09
0.000000000000000000e+00,0.000000000000000000e+00,3.141999999999999904e+00,7.437233864266923344e-03,3.950494021459818872e-02,3.138515123135518614e+00,-5.580376680849418250e-03,1.598099842632869430e-02,3.075508858555343839e+00,1.627798814379808426e+09
0.000000000000000000e+00,0.000000000000000000e+00,3.141999999999999904e+00,2.442352414755433188e-08,5.281642636334121788e-02,3.036872780418896856e+00,4.246948963500495056e-03,8.201358563650097688e-03,3.007560950139851474e+00,1.627798814441331387e+09
0.000000000000000000e+00,0.000000000000000000e+00,2.994000000000000217e+00,-3.036872059978423799e-02,2.640823038855433236e-02,3.239331080574285870e+00,5.526284859639440591e-03,1.391678177767021775e-02,3.334776760077987401e+00,1.627798814504752874e+09
0.000000000000000000e+00,0.000000000000000000e+00,3.709999999999999964e-01,-3.805386526526272073e-02,-1.309677865357877780e-02,3.290565378344142644e+00,-2.125225121955513080e-04,3.040604039609602627e-02,3.066582368626249888e+00,1.627798814566960812e+09
0.000000000000000000e+00,0.000000000000000000e+00,0.000000000000000000e+00,7.685169089002630294e-03,-3.950497462836566331e-02,2.985638482649040082e+00,-1.466551921279604133e-02,3.682273903798482378e-02,2.920294518743483891e+00,1.627798814639495611e+09
0.000000000000000000e+00,0.000000000000000000e+00,0.000000000000000000e+00,3.792992423879655572e-02,-1.331145173497556844e-02,1.264330732100039656e+00,-3.159227334310997504e-02,3.720550483490146776e-02,1.101821965874748566e-01,1.627798814703058004e+09
0.000000000000000000e+00,0.000000000000000000e+00,0.000000000000000000e+00,0.000000000000000000e+00,0.000000000000000000e+00,0.000000000000000000e+00,-3.534610830965100731e-02,3.638280311866615158e-02,-1.332311929715536414e-03,1.627798814764342785e+09
0.000000000000000000e+00,0.000000000000000000e+00,0.000000000000000000e+00,0.000000000000000000e+00,0.000000000000000000e+00,0.000000000000000000e+00,-3.597736412293232183e-02,3.771800480857632337e-02,-1.465543122687089795e-03,1.627798814828913212e+09
0.000000000000000000e+00,0.000000000000000000e+00,0.000000000000000000e+00,0.000000000000000000e+00,0.000000000000000000e+00,0.000000000000000000e+00,-3.695277646401443766e-02,3.807000143601030340e-02,2.531392666459519013e-03,1.627798814888589621e+09
0.000000000000000000e+00,0.000000000000000000e+00,0.000000000000000000e+00,0.000000000000000000e+00,0.000000000000000000e+00,0.000000000000000000e+00,-3.757414877704284145e-02,3.794816372757336270e-02,1.199080736743982599e-03,1.627798814954200745e+09
0.000000000000000000e+00,0.000000000000000000e+00,5.000000000000000278e-02,0.000000000000000000e+00,0.000000000000000000e+00,0.000000000000000000e+00,-3.805319414839320596e-02,3.784037851901952965e-02,7.993871578293218049e-04,1.627798815020257235e+09
0.000000000000000000e+00,0.000000000000000000e+00,1.558000000000000052e+00,0.000000000000000000e+00,0.000000000000000000e+00,0.000000000000000000e+00,-3.888164604163609622e-02,3.794119541608083346e-02,1.332311929715536414e-03,1.627798815087116957e+09
0.000000000000000000e+00,0.000000000000000000e+00,1.768999999999999906e+00,0.000000000000000000e+00,0.000000000000000000e+00,0.000000000000000000e+00,-3.757208696740851200e-02,3.630828842229088388e-02,8.540119469476588343e-02,1.627798815153432131e+09
0.000000000000000000e+00,0.000000000000000000e+00,1.806000000000000050e+00,1.512238752996795943e-02,2.619350998822726068e-02,8.090063683088705160e-01,-3.619191205484964535e-02,2.898031102122617525e-02,1.666189299302249793e+00,1.627798815217247963e+09
0.000000000000000000e+00,0.000000000000000000e+00,1.645999999999999908e+00,1.512238573066712610e-02,0.000000000000000000e+00,1.265157051150512579e+00,-3.469716000629120833e-02,2.107947876456014308e-02,1.297538588349960831e+00,1.627798815280179024e+09
0.000000000000000000e+00,0.000000000000000000e+00,0.000000000000000000e+00,7.561199083702896395e-03,1.309676144669502662e-02,1.466788899800663959e+00,-3.032300732065848492e-02,1.400329800991526041e-02,1.658728352495842717e+00,1.627798815346683025e+09
0.000000000000000000e+00,0.000000000000000000e+00,0.000000000000000000e+00,2.280754101447912685e-02,1.331145173497558232e-02,1.670073452779143874e+00,-3.270247092351999396e-02,1.731121897938351153e-02,1.726409798525391892e+00,1.627798815412884474e+09
0.000000000000000000e+00,0.000000000000000000e+00,0.000000000000000000e+00,0.000000000000000000e+00,0.000000000000000000e+00,0.000000000000000000e+00,-3.780102618215967769e-02,2.326874685040452098e-02,-1.386936718833873261e-01,1.627798815474194765e+09
0.000000000000000000e+00,0.000000000000000000e+00,0.000000000000000000e+00,0.000000000000000000e+00,0.000000000000000000e+00,0.000000000000000000e+00,-3.827823379157269806e-02,2.066836979233189348e-02,-4.663091754004377448e-03,1.627798815535600901e+09
0.000000000000000000e+00,0.000000000000000000e+00,0.000000000000000000e+00,0.000000000000000000e+00,0.000000000000000000e+00,0.000000000000000000e+00,-3.885405092876242916e-02,2.067231374532634350e-02,1.332311929715535980e-04,1.627798815595755577e+09
0.000000000000000000e+00,0.000000000000000000e+00,0.000000000000000000e+00,0.000000000000000000e+00,0.000000000000000000e+00,0.000000000000000000e+00,-3.942330774959699330e-02,2.050274788380115551e-02,1.332311929715536414e-03,1.627798815656456947e+09
0.000000000000000000e+00,0.000000000000000000e+00,0.000000000000000000e+00,0.000000000000000000e+00,0.000000000000000000e+00,0.000000000000000000e+00,-4.013429471754351163e-02,2.024968472571849615e-02,1.332311929715536414e-03,1.627798815721453428e+09
0.000000000000000000e+00,0.000000000000000000e+00,0.000000000000000000e+00,0.000000000000000000e+00,0.000000000000000000e+00,0.000000000000000000e+00,-4.057409677906615580e-02,2.016937304491870850e-02,6.661559648577682069e-04,1.627798815782760620e+09
0.000000000000000000e+00,1.900000000000000022e-01,0.000000000000000000e+00,0.000000000000000000e+00,0.000000000000000000e+00,0.000000000000000000e+00,-4.116614781301540515e-02,2.010593900556700495e-02,1.598774315658643610e-03,1.627798815849170208e+09
0.000000000000000000e+00,4.590000000000000191e-01,0.000000000000000000e+00,-7.561194324380680551e-03,1.309675714497409750e-02,5.040796216253787265e-02,-4.166550688979331341e-02,2.004910138707195755e-02,5.329247718862146089e-04,1.627798815916446686e+09
0.000000000000000000e+00,4.030000000000000249e-01,0.000000000000000000e+00,0.000000000000000000e+00,1.837839892096403416e-01,0.000000000000000000e+00,-4.222861766845379533e-02,3.012557962960631802e-02,-6.221896711771555261e-02,1.627798815980601311e+09
0.000000000000000000e+00,2.849999999999999756e-01,0.000000000000000000e+00,0.000000000000000000e+00,2.366003983660978083e-01,0.000000000000000000e+00,-3.768070015350238888e-02,4.540971579687461124e-02,-6.648236529280525386e-02,1.627798816045003891e+09
0.000000000000000000e+00,2.690000000000000169e-01,0.000000000000000000e+00,7.561206742014880966e-03,3.549006147560304081e-01,-5.040804494676587311e-02,-3.634887302148416544e-02,5.417540156120371347e-02,1.024547873951247440e-01,1.627798816110670805e+09
0.000000000000000000e+00,2.690000000000000169e-01,0.000000000000000000e+00,1.512239361581504959e-02,3.418038705162191326e-01,-1.008159574387670065e-01,-4.066993496526628143e-02,5.388899111536224473e-02,1.023215562021531910e-01,1.627798816173860312e+09
0.000000000000000000e+00,2.690000000000000169e-01,0.000000000000000000e+00,-7.561186873800168629e-03,3.287070918626403548e-01,5.040791249200112650e-02,-4.246325568621831664e-02,5.018900208838671800e-02,-2.051760371761926147e-02,1.627798816239684343e+09
0.000000000000000000e+00,2.690000000000000169e-01,0.000000000000000000e+00,7.561196807907524797e-03,2.496971598127928349e-01,-5.040797871938350327e-02,-4.561415261320361098e-02,5.016905970277288351e-02,1.365619727958424512e-01,1.627798816301050663e+09
0.000000000000000000e+00,2.449999999999999956e-01,0.000000000000000000e+00,7.561206742014880966e-03,3.549006147560304081e-01,-5.040804494676587311e-02,-5.116770664626454912e-02,4.477629899360903443e-02,-6.261866069663020451e-02,1.627798816366163492e+09
0.000000000000000000e+00,2.449999999999999956e-01,0.000000000000000000e+00,-7.685144665478468862e-03,1.970954409446158961e-01,5.123429776985646139e-02,-5.391707156977571663e-02,3.424655670519127088e-02,-1.292342571824070183e-02,1.627798816431608438e+09
0.000000000000000000e+00,2.449999999999999956e-01,0.000000000000000000e+00,7.685144665478468862e-03,1.970954409446158961e-01,-5.123429776985646139e-02,-5.302104689112528690e-02,2.377375449784589756e-02,4.809646066273085691e-02,1.627798816489008665e+09
0.000000000000000000e+00,2.449999999999999956e-01,0.000000000000000000e+00,0.000000000000000000e+00,1.837839892096403416e-01,0.000000000000000000e+00,-5.403165555564118372e-02,1.678587065516762289e-02,9.699230848329104537e-02,1.627798816549130201e+09
0.000000000000000000e+00,2.449999999999999956e-01,0.000000000000000000e+00,0.000000000000000000e+00,2.894168247294390262e-01,0.000000000000000000e+00,-5.656839764496252726e-02,1.187118734567988582e-02,-3.464011017260394676e-02,1.627798816616390944e+09
0.000000000000000000e+00,2.449999999999999956e-01,0.000000000000000000e+00,-7.685144665478468862e-03,2.761053729944634716e-01,5.123429776985646139e-02,-5.889171575119543645e-02,2.678928751454026300e-03,1.292342571824070183e-02,1.627798816681951284e+09
0.000000000000000000e+00,2.770000000000000240e-01,0.000000000000000000e+00,-1.524634147338599366e-02,2.630086115477684450e-01,1.016422764892399577e-01,-5.900707719683995905e-02,-4.939046712714531377e-03,-1.016554002372954124e-01,1.627798816748484135e+09
0.000000000000000000e+00,2.770000000000000240e-01,0.000000000000000000e+00,0.000000000000000000e+00,2.366003983660978083e-01,0.000000000000000000e+00,-5.413875706195539483e-02,5.969164366120769012e-03,8.606735065962364817e-02,1.627798816817707777e+09
0.000000000000000000e+00,2.770000000000000240e-01,0.000000000000000000e+00,0.000000000000000000e+00,2.627939212594878615e-01,0.000000000000000000e+00,-4.998095810413651086e-02,1.934420109579508898e-02,3.264164227803063867e-02,1.627798816882390261e+09
0.000000000000000000e+00,2.770000000000000240e-01,0.000000000000000000e+00,7.685144665478468862e-03,2.761053729944634716e-01,-5.123429776985646139e-02,-4.721332544451724289e-02,2.008143075621768997e-02,-1.059187984123851345e-01,1.627798816942754984e+09
0.000000000000000000e+00,2.770000000000000240e-01,0.000000000000000000e+00,0.000000000000000000e+00,2.627939212594878615e-01,0.000000000000000000e+00,-4.298388102789976045e-02,2.236096666023435625e-02,4.210105697901094651e-02,1.627798817012092590e+09
0.000000000000000000e+00,2.770000000000000240e-01,0.000000000000000000e+00,0.000000000000000000e+00,2.894168247294390262e-01,0.000000000000000000e+00,-3.683702371978068990e-02,2.384953327988982227e-02,1.971821655978993684e-02,1.627798817076651812e+09
0.000000000000000000e+00,2.849999999999999756e-01,0.000000000000000000e+00,-7.685144665478468862e-03,2.761053729944634716e-01,5.123429776985646139e-02,-3.554960712246901106e-02,2.376548827947184972e-02,5.968757445125602579e-02,1.627798817142741203e+09
0.000000000000000000e+00,2.999999999999999889e-01,0.000000000000000000e+00,0.000000000000000000e+00,2.894168247294390262e-01,0.000000000000000000e+00,-3.898023459169852600e-02,2.284771527660554163e-02,1.065849543772429131e-02,1.627798817208441973e+09
0.000000000000000000e+00,3.559999999999999831e-01,0.000000000000000000e+00,7.685144665478468862e-03,2.761053729944634716e-01,-5.123429776985646139e-02,-4.035553182891816332e-02,1.667617704543439966e-02,-9.073044241362801521e-02,1.627798817274931669e+09
0.000000000000000000e+00,3.639999999999999902e-01,0.000000000000000000e+00,7.685144665478468862e-03,2.761053729944634716e-01,-5.123429776985646139e-02,-4.289434443291173515e-02,1.736449951960161719e-02,-5.582386985508096949e-02,1.627798817339091063e+09
0.000000000000000000e+00,3.790000000000000036e-01,0.000000000000000000e+00,0.000000000000000000e+00,3.156103476228290794e-01,0.000000000000000000e+00,-4.417488362215953035e-02,2.172222793928517068e-02,8.260333964236324378e-03,1.627798817405178070e+09
0.000000000000000000e+00,3.870000000000000107e-01,0.000000000000000000e+00,0.000000000000000000e+00,3.418038361024516858e-01,0.000000000000000000e+00,-4.189843001508997133e-02,2.557751227383845902e-02,-1.492189361281400471e-02,1.627798817463680983e+09
0.000000000000000000e+00,3.870000000000000107e-01,0.000000000000000000e+00,1.524635140749334983e-02,3.682120664910060182e-01,-1.016423427166223414e-01,-4.166059410889137726e-02,3.013867643049156220e-02,8.660027543150986690e-03,1.627798817527353287e+09
0.000000000000000000e+00,3.870000000000000107e-01,0.000000000000000000e+00,7.685144665478468862e-03,3.813088451445847404e-01,-5.123429776985646139e-02,-4.801256579924083334e-02,3.406504410672345218e-02,4.476568083844201934e-02,1.627798817586399555e+09
0.000000000000000000e+00,3.870000000000000107e-01,0.000000000000000000e+00,1.524633153927862361e-02,3.944055893843960714e-01,-1.016422102618574907e-01,-5.376991347476432065e-02,4.300236952947737723e-02,5.862172490748359180e-03,1.627798817653182268e+09
0.000000000000000000e+00,3.870000000000000107e-01,0.000000000000000000e+00,-7.685144665478468862e-03,3.813088451445847404e-01,5.123429776985646139e-02,-5.407746389110688195e-02,5.156646573840110992e-02,2.171668445436324146e-02,1.627798817719165802e+09
0.000000000000000000e+00,3.870000000000000107e-01,0.000000000000000000e+00,-7.685144665478468862e-03,3.813088451445847404e-01,5.123429776985646139e-02,-5.727715869190432019e-02,5.561009298665807454e-02,8.113779651967616136e-02,1.627798817782604456e+09
0.000000000000000000e+00,4.030000000000000249e-01,0.000000000000000000e+00,1.524633153927862361e-02,3.944055893843960714e-01,-1.016422102618574907e-01,-6.387015918219257626e-02,4.924112649361263305e-02,-1.478866241984245176e-02,1.627798817847274780e+09
0.000000000000000000e+00,4.030000000000000249e-01,0.000000000000000000e+00,-7.685144665478468862e-03,3.813088451445847404e-01,5.123429776985646139e-02,-6.752299401775961607e-02,5.011960466995146052e-02,2.558038905053829429e-02,1.627798817911819220e+09
0.000000000000000000e+00,4.030000000000000249e-01,0.000000000000000000e+00,1.524633153927862361e-02,3.944055893843960714e-01,-1.016422102618574907e-01,-6.791385664157495450e-02,5.504858807343329663e-02,1.072511103421006778e-01,1.627798817971239328e+09
0.000000000000000000e+00,4.030000000000000249e-01,0.000000000000000000e+00,-7.685144665478468862e-03,3.813088451445847404e-01,5.123429776985646139e-02,-6.552749094259123497e-02,6.227037428682009879e-02,-1.065849543772428958e-02,1.627798818032750368e+09
0.000000000000000000e+00,4.030000000000000249e-01,0.000000000000000000e+00,1.524633153927862361e-02,3.944055893843960714e-01,-1.016422102618574907e-01,-6.263955037791818503e-02,7.290992777433560890e-02,1.063184919912998072e-01,1.627798818102966309e+09
0.000000000000000000e+00,4.030000000000000249e-01,0.000000000000000000e+00,0.000000000000000000e+00,3.946202968795603505e-01,0.000000000000000000e+00,-6.151305996336084436e-02,6.889832521889760475e-02,-4.050228266335230420e-02,1.627798818171078205e+09
0.000000000000000000e+00,4.030000000000000249e-01,0.000000000000000000e+00,-7.561186873800154751e-03,4.077170411193716815e-01,5.040791249200103630e-02,-6.409565034569893183e-02,6.107814499574300282e-02,-4.849615424164552269e-02,1.627798818236716986e+09
0.000000000000000000e+00,4.030000000000000249e-01,0.000000000000000000e+00,7.561196807907510919e-03,4.339105468058779835e-01,-5.040797871938340613e-02,-7.028422875992761110e-02,5.490368501135666629e-02,7.714086073052955905e-02,1.627798818300913811e+09
0.000000000000000000e+00,4.030000000000000249e-01,0.000000000000000000e+00,-7.561186873800154751e-03,4.077170411193716815e-01,5.040791249200103630e-02,-7.314402037152828440e-02,4.612614526868559495e-02,5.595710104805252244e-02,1.627798818366792679e+09
0.000000000000000000e+00,4.109999999999999765e-01,0.000000000000000000e+00,7.561206742014880966e-03,3.549006147560304081e-01,-5.040804494676587311e-02,-7.518791346807698894e-02,3.874520056606192003e-02,-1.425573764795623651e-02,1.627798818430657625e+09
0.000000000000000000e+00,4.109999999999999765e-01,0.000000000000000000e+00,7.685144665478468862e-03,3.813088451445847404e-01,-5.123429776985646139e-02,-7.562277592005627047e-02,3.779081217587730579e-02,-2.771208813808315533e-02,1.627798818494773149e+09
0.000000000000000000e+00,4.109999999999999765e-01,0.000000000000000000e+00,-1.524633153927862361e-02,3.944055893843960714e-01,1.016422102618574907e-01,-7.429060715097654533e-02,3.709948261058228919e-02,-8.220364606344858494e-02,1.627798818561352253e+09
0.000000000000000000e+00,4.109999999999999765e-01,0.000000000000000000e+00,7.561186873800154751e-03,4.077170411193716815e-01,-5.040791249200103630e-02,-7.354490335020888447e-02,3.299034395843549600e-02,-8.220364606344858494e-02,1.627798818623267174e+09
0.000000000000000000e+00,4.109999999999999765e-01,0.000000000000000000e+00,0.000000000000000000e+00,4.208137853591829569e-01,0.000000000000000000e+00,-7.279919954944122362e-02,2.888120530628870281e-02,-8.220364606344858494e-02,1.627798818683650255e+09
0.000000000000000000e+00,4.109999999999999765e-01,0.000000000000000000e+00,0.000000000000000000e+00,4.208137853591829569e-01,0.000000000000000000e+00,-7.205349574867356277e-02,2.477206665414190961e-02,-8.220364606344858494e-02,1.627798818742982626e+09
0.000000000000000000e+00,4.109999999999999765e-01,0.000000000000000000e+00,7.561196807907510919e-03,4.339105468058779835e-01,-5.040797871938340613e-02,-7.130779194790590192e-02,2.066292800199511642e-02,-8.220364606344858494e-02,1.627798818804164171e+09
0.000000000000000000e+00,4.109999999999999765e-01,0.000000000000000000e+00,1.524633153927862361e-02,3.944055893843960714e-01,-1.016422102618574907e-01,-7.056208814713824107e-02,1.655378934984832323e-02,-8.220364606344858494e-02,1.627798818862888098e+09
0.000000000000000000e+00,4.109999999999999765e-01,0.000000000000000000e+00,-1.512238368170766567e-02,4.208138025660667081e-01,1.008158912113844424e-01,-6.981638434637058022e-02,1.244465069770153004e-02,-8.220364606344858494e-02,1.627798818922070026e+09
0.000000000000000000e+00,4.109999999999999765e-01,0.000000000000000000e+00,7.561186873800154751e-03,4.077170411193716815e-01,-5.040791249200103630e-02,-6.907068054560291936e-02,8.335512045554736849e-03,-8.220364606344858494e-02,1.627798818981741428e+09
0.000000000000000000e+00,4.109999999999999765e-01,0.000000000000000000e+00,-7.561186873800154751e-03,4.077170411193716815e-01,5.040791249200103630e-02,-6.832497674483525851e-02,4.226373393407942790e-03,-8.220364606344858494e-02,1.627798819041329384e+09
0.000000000000000000e+00,4.109999999999999765e-01,0.000000000000000000e+00,0.000000000000000000e+00,4.208137853591829569e-01,0.000000000000000000e+00,-6.757927294406759766e-02,1.172347412611487311e-04,-8.220364606344858494e-02,1.627798819100799561e+09
0.000000000000000000e+00,4.269999999999999907e-01,0.000000000000000000e+00,-7.561186873800154751e-03,4.077170411193716815e-01,5.040791249200103630e-02,-6.683356914329993681e-02,-3.991903910885645328e-03,-8.220364606344858494e-02,1.627798819160272598e+09
0.000000000000000000e+00,4.590000000000000191e-01,0.000000000000000000e+00,0.000000000000000000e+00,4.208137853591829569e-01,0.000000000000000000e+00,-6.608786534253227596e-02,-8.101042563032439386e-03,-8.220364606344858494e-02,1.627798819219386339e+09
0.000000000000000000e+00,4.590000000000000191e-01,0.000000000000000000e+00,0.000000000000000000e+00,4.208137853591829569e-01,0.000000000000000000e+00,-6.534216154176461511e-02,-1.221018121517923258e-02,-8.220364606344858494e-02,1.627798819278012276e+09
0.000000000000000000e+00,4.590000000000000191e-01,0.000000000000000000e+00,-7.561196807907510919e-03,4.339105468058779835e-01,5.040797871938340613e-02,-6.459645774099695426e-02,-1.631931986732602577e-02,-8.220364606344858494e-02,1.627798819336575747e+09
0.000000000000000000e+00,4.590000000000000191e-01,0.000000000000000000e+00,7.561186873800168629e-03,4.601040524923842856e-01,-5.040791249200112650e-02,-6.385075394022929340e-02,-2.042845851947281896e-02,-8.220364606344858494e-02,1.627798819395314217e+09
0.000000000000000000e+00,4.590000000000000191e-01,0.000000000000000000e+00,7.561196807907510919e-03,4.339105468058779835e-01,-5.040797871938340613e-02,-6.310505013946163255e-02,-2.453759717161961215e-02,-8.220364606344858494e-02,1.627798819453920841e+09
0.000000000000000000e+00,4.590000000000000191e-01,0.000000000000000000e+00,0.000000000000000000e+00,4.732007967321956166e-01,0.000000000000000000e+00,-6.235934633869397170e-02,-2.864673582376640534e-02,-8.220364606344858494e-02,1.627798819512799263e+09
0.000000000000000000e+00,4.269999999999999907e-01,0.000000000000000000e+00,7.561186873800168629e-03,4.601040524923842856e-01,-5.040791249200112650e-02,-6.161364253792631085e-02,-3.275587447591320200e-02,-8.220364606344858494e-02,1.627798819570691109e+09
0.000000000000000000e+00,4.109999999999999765e-01,0.000000000000000000e+00,1.512238368170767955e-02,4.470072910456892590e-01,-1.008158912113845396e-01,-6.086793873715865000e-02,-3.686501312805999520e-02,-8.220364606344858494e-02,1.627798819634602308e+09
0.000000000000000000e+00,4.109999999999999765e-01,0.000000000000000000e+00,2.268357055550783430e-02,4.339105468058779835e-01,-1.512238037033855620e-01,-6.012223493639098915e-02,-4.097415178020678839e-02,-8.220364606344858494e-02,1.627798819694382429e+09
0.000000000000000000e+00,4.109999999999999765e-01,0.000000000000000000e+00,1.512238368170766567e-02,4.208138025660667081e-01,-1.008158912113844424e-01,-5.937653113562332829e-02,-4.508329043235358158e-02,-8.220364606344858494e-02,1.627798819756119728e+09
0.000000000000000000e+00,4.109999999999999765e-01,0.000000000000000000e+00,-7.561186873800154751e-03,4.077170411193716815e-01,5.040791249200103630e-02,-5.863082733485566744e-02,-4.919242908450037477e-02,-8.220364606344858494e-02,1.627798819814813614e+09
0.000000000000000000e+00,4.109999999999999765e-01,0.000000000000000000e+00,0.000000000000000000e+00,4.208137853591829569e-01,0.000000000000000000e+00,-5.788512353408800659e-02,-5.330156773664716796e-02,-8.220364606344858494e-02,1.627798819873280525e+09
0.000000000000000000e+00,4.109999999999999765e-01,0.000000000000000000e+00,-7.561186873800154751e-03,4.077170411193716815e-01,5.040791249200103630e-02,-5.713941973332034574e-02,-5.741070638879396115e-02,-8.220364606344858494e-02,1.627798819931437492e+09
0.000000000000000000e+00,4.109999999999999765e-01,0.000000000000000000e+00,7.561186873800154751e-03,4.077170411193716815e-01,-5.040791249200103630e-02,-5.639371593255268489e-02,-6.151984504094075434e-02,-8.220364606344858494e-02,1.627798819990804672e+09
0.000000000000000000e+00,4.109999999999999765e-01,0.000000000000000000e+00,0.000000000000000000e+00,4.208137853591829569e-01,0.000000000000000000e+00,-5.564801213178502404e-02,-6.562898369308754754e-02,-8.220364606344858494e-02,1.627798820048875809e+09
0.000000000000000000e+00,4.109999999999999765e-01,0.000000000000000000e+00,-7.561186873800154751e-03,4.077170411193716815e-01,5.040791249200103630e-02,-5.490230833101736319e-02,-6.973812234523434073e-02,-8.220364606344858494e-02,1.627798820109948635e+09
0.000000000000000000e+00,4.109999999999999765e-01,0.000000000000000000e+00,0.000000000000000000e+00,4.208137853591829569e-01,0.000000000000000000e+00,-5.415660453024970233e-02,-7.384726099738113392e-02,-8.220364606344858494e-02,1.627798820168998241e+09
0.000000000000000000e+00,4.109999999999999765e-01,0.000000000000000000e+00,7.561186873800154751e-03,4.077170411193716815e-01,-5.040791249200103630e-02,-5.341090072948204148e-02,-7.795639964952792711e-02,-8.220364606344858494e-02,1.627798820227307320e+09
0.000000000000000000e+00,4.109999999999999765e-01,0.000000000000000000e+00,0.000000000000000000e+00,4.208137853591829569e-01,0.000000000000000000e+00,-5.266519692871438063e-02,-8.206553830167472030e-02,-8.220364606344858494e-02,1.627798820285238981e+09
0.000000000000000000e+00,4.109999999999999765e-01,0.000000000000000000e+00,0.000000000000000000e+00,3.946202968795603505e-01,0.000000000000000000e+00,-5.191949312794671978e-02,-8.617467695382151349e-02,-8.220364606344858494e-02,1.627798820343924522e+09
0.000000000000000000e+00,4.030000000000000249e-01,0.000000000000000000e+00,0.000000000000000000e+00,4.208137853591829569e-01,0.000000000000000000e+00,-5.117378932717905893e-02,-9.028381560596830668e-02,-8.220364606344858494e-02,1.627798820402464628e+09
0.000000000000000000e+00,4.030000000000000249e-01,0.000000000000000000e+00,7.685144665478468862e-03,3.813088451445847404e-01,-5.123429776985646139e-02,-5.042808552641139808e-02,-9.439295425811509987e-02,-8.220364606344858494e-02,1.627798820460838318e+09
0.000000000000000000e+00,4.030000000000000249e-01,0.000000000000000000e+00,-1.512238368170766567e-02,4.208138025660667081e-01,1.008158912113844424e-01,-4.968238172564373722e-02,-9.850209291026189307e-02,-8.220364606344858494e-02,1.627798820517351389e+09
0.000000000000000000e+00,4.030000000000000249e-01,0.000000000000000000e+00,-7.561186873800154751e-03,4.077170411193716815e-01,5.040791249200103630e-02,-4.893667792487607637e-02,-1.026112315624086863e-01,-8.220364606344858494e-02,1.627798820574875355e+09
0.000000000000000000e+00,4.030000000000000249e-01,0.000000000000000000e+00,0.000000000000000000e+00,3.946202968795603505e-01,0.000000000000000000e+00,-4.819097412410841552e-02,-1.067203702145554794e-01,-8.220364606344858494e-02,1.627798820633326292e+09
0.000000000000000000e+00,4.030000000000000249e-01,0.000000000000000000e+00,-7.685144665478468862e-03,3.813088451445847404e-01,5.123429776985646139e-02,-4.744527032334075467e-02,-1.108295088667022726e-01,-8.220364606344858494e-02,1.627798820691855907e+09
0.000000000000000000e+00,4.030000000000000249e-01,0.000000000000000000e+00,0.000000000000000000e+00,3.679973934096091859e-01,0.000000000000000000e+00,-4.669956652257309382e-02,-1.149386475188490658e-01,-8.220364606344858494e-02,1.627798820752068281e+09
0.000000000000000000e+00,4.030000000000000249e-01,0.000000000000000000e+00,0.000000000000000000e+00,3.418038361024516858e-01,0.000000000000000000e+00,-4.595386272180543297e-02,-1.190477861709958590e-01,-8.220364606344858494e-02,1.627798820810131550e+09
0.000000000000000000e+00,3.790000000000000036e-01,0.000000000000000000e+00,0.000000000000000000e+00,4.208137853591829569e-01,0.000000000000000000e+00,-4.520815892103777212e-02,-1.231569248231426522e-01,-8.220364606344858494e-02,1.627798820866721392e+09
0.000000000000000000e+00,3.790000000000000036e-01,0.000000000000000000e+00,7.561196807907510919e-03,4.339105468058779835e-01,-5.040797871938340613e-02,-4.446245512027011126e-02,-1.272660634752894593e-01,-8.220364606344858494e-02,1.627798820924175262e+09
0.000000000000000000e+00,3.790000000000000036e-01,0.000000000000000000e+00,1.512238368170766567e-02,4.208138025660667081e-01,-1.008158912113844424e-01,-4.371675131950245041e-02,-1.313752021274362525e-01,-8.220364606344858494e-02,1.627798820981203794e+09
0.000000000000000000e+00,2.849999999999999756e-01,0.000000000000000000e+00,-1.524635140749334983e-02,3.682120664910060182e-01,1.016423427166223414e-01,-4.297104751873478956e-02,-1.354843407795830457e-01,-8.220364606344858494e-02,1.627798821040227890e+09
0.000000000000000000e+00,0.000000000000000000e+00,0.000000000000000000e+00,-7.561186873800168629e-03,3.287070918626403548e-01,5.040791249200112650e-02,-4.222534371796712871e-02,-1.395934794317298389e-01,-8.220364606344858494e-02,1.627798821099565029e+09
0.000000000000000000e+00,0.000000000000000000e+00,0.000000000000000000e+00,1.524633898985914768e-02,7.879523745984606808e-02,-1.016422599323943271e-01,-4.147963991719946786e-02,-1.437026180838766320e-01,-8.220364606344858494e-02,1.627798821158199549e+09
0.000000000000000000e+00,0.000000000000000000e+00,0.000000000000000000e+00,7.561194324380680551e-03,-1.309675714497409750e-02,-5.040796216253787265e-02,-4.073393611643180701e-02,-1.478117567360234252e-01,-8.220364606344858494e-02,1.627798821221153736e+09
0.000000000000000000e+00,0.000000000000000000e+00,0.000000000000000000e+00,0.000000000000000000e+00,0.000000000000000000e+00,0.000000000000000000e+00,-3.998823231566414615e-02,-1.519208953881702184e-01,-8.220364606344858494e-02,1.627798821282651901e+09
0.000000000000000000e+00,0.000000000000000000e+00,0.000000000000000000e+00,0.000000000000000000e+00,0.000000000000000000e+00,0.000000000000000000e+00,-3.924252851489648530e-02,-1.560300340403170116e-01,-8.220364606344858494e-02,1.627798821344064951e+09
0.000000000000000000e+00,0.000000000000000000e+00,0.000000000000000000e+00,0.000000000000000000e+00,0.000000000000000000e+00,0.000000000000000000e+00,-3.849682471412882445e-02,-1.601391726924638048e-01,-8.220364606344858494e-02,1.627798821404539824e+09
0.000000000000000000e+00,0.000000000000000000e+00,0.000000000000000000e+00,0.000000000000000000e+00,0.000000000000000000e+00,0.000000000000000000e+00,-3.775112091336116360e-02,-1.642483113446105980e-01,-8.220364606344858494e-02,1.627798821463508368e+09
0.000000000000000000e+00,0.000000000000000000e+00,0.000000000000000000e+00,0.000000000000000000e+00,0.000000000000000000e+00,0.000000000000000000e+00,-3.700541711259350275e-02,-1.683574499967573912e-01,-8.220364606344858494e-02,1.627798821522175312e+09
0.000000000000000000e+00,6.400000000000000133e-01,0.000000000000000000e+00,0.000000000000000000e+00,0.000000000000000000e+00,0.000000000000000000e+00,-3.625971331182584190e-02,-1.724665886489041844e-01,-8.220364606344858494e-02,1.627798821579124212e+09
0.000000000000000000e+00,6.169999999999999929e-01,0.000000000000000000e+00,0.000000000000000000e+00,0.000000000000000000e+00,0.000000000000000000e+00,-3.551400951105818105e-02,-1.765757273010509776e-01,-8.220364606344858494e-02,1.627798821635957956e+09
0.000000000000000000e+00,4.269999999999999907e-01,0.000000000000000000e+00,2.280753828129351846e-02,3.551153222511946872e-01,-1.520502552086234749e-01,-3.476830571029052019e-02,-1.806848659531977708e-01,-8.220364606344858494e-02,1.627798821693963766e+09
0.000000000000000000e+00,2.999999999999999889e-01,0.000000000000000000e+00,-3.036871522098630316e-02,4.205990950709024290e-01,2.024581014732420303e-01,-3.402260190952285934e-02,-1.847940046053445640e-01,-8.220364606344858494e-02,1.627798821752142191e+09
0.000000000000000000e+00,2.129999999999999949e-01,0.000000000000000000e+00,3.792992196300118413e-02,4.075023164173236512e-01,-2.528661464200079312e-01,-3.327689810875519849e-02,-1.889031432574913572e-01,-8.220364606344858494e-02,1.627798821809097767e+09
0.000000000000000000e+00,0.000000000000000000e+00,0.000000000000000000e+00,7.685144665478468862e-03,3.813088451445847404e-01,-5.123429776985646139e-02,-3.253119430798753764e-02,-1.930122819096381503e-01,-8.220364606344858494e-02,1.627798821867390394e+09
0.000000000000000000e+00,0.000000000000000000e+00,0.000000000000000000e+00,0.000000000000000000e+00,2.894168247294390262e-01,0.000000000000000000e+00,-3.178549050721987679e-02,-1.971214205617849435e-01,-8.220364606344858494e-02,1.627798821925526619e+09
0.000000000000000000e+00,0.000000000000000000e+00,0.000000000000000000e+00,-2.268358297314203992e-02,1.309675714497409750e-02,1.512238864876136180e-01,-3.103978670645221594e-02,-2.012305592139317367e-01,-8.220364606344858494e-02,1.627798821983023643e+09
0.000000000000000000e+00,0.000000000000000000e+00,0.000000000000000000e+00,0.000000000000000000e+00,0.000000000000000000e+00,0.000000000000000000e+00,-3.029408290568455508e-02,-2.053396978660785299e-01,-8.220364606344858494e-02,1.627798822039936304e+09
0.000000000000000000e+00,0.000000000000000000e+00,0.000000000000000000e+00,0.000000000000000000e+00,0.000000000000000000e+00,0.000000000000000000e+00,-2.954837910491689423e-02,-2.094488365182253231e-01,-8.220364606344858494e-02,1.627798822097460508e+09
0.000000000000000000e+00,0.000000000000000000e+00,0.000000000000000000e+00,0.000000000000000000e+00,0.000000000000000000e+00,0.000000000000000000e+00,-2.880267530414923338e-02,-2.135579751703721163e-01,-8.220364606344858494e-02,1.627798822158855438e+09
0.000000000000000000e+00,0.000000000000000000e+00,0.000000000000000000e+00,0.000000000000000000e+00,0.000000000000000000e+00,0.000000000000000000e+00,-2.805697150338157253e-02,-2.176671138225189095e-01,-8.220364606344858494e-02,1.627798822218272448e+09
0.000000000000000000e+00,0.000000000000000000e+00,-1.849999999999999978e-01,0.000000000000000000e+00,0.000000000000000000e+00,0.000000000000000000e+00,-2.731126770261391168e-02,-2.217762524746657027e-01,-8.220364606344858494e-02,1.627798822278241634e+09
0.000000000000000000e+00,0.000000000000000000e+00,-1.014999999999999902e+00,0.000000000000000000e+00,0.000000000000000000e+00,0.000000000000000000e+00,-2.656556390184625083e-02,-2.258853911268124959e-01,-8.220364606344858494e-02,1.627798822336111069e+09
0.000000000000000000e+00,0.000000000000000000e+00,-1.633999999999999897e+00,0.000000000000000000e+00,0.000000000000000000e+00,0.000000000000000000e+00,-2.581986010107858998e-02,-2.299945297789592891e-01,-8.220364606344858494e-02,1.627798822397334576e+09
0.000000000000000000e+00,0.000000000000000000e+00,-2.548000000000000043e+00,-3.024477301097646884e-02,-2.619351428994819500e-02,-2.520397942558437743e-01,-2.507415630031092912e-02,-2.341036684311060823e-01,-8.220364606344858494e-02,1.627798822455623388e+09
0.000000000000000000e+00,0.000000000000000000e+00,-2.892999999999999794e+00,-3.805387729397552432e-02,-1.309675284325316491e-02,-1.417207273245444821e+00,-2.432845249954326827e-02,-2.382128070832528755e-01,-8.220364606344858494e-02,1.627798822513325214e+09
0.000000000000000000e+00,0.000000000000000000e+00,-2.855999999999999872e+00,-3.024480035259485833e-02,-2.619350568650632982e-02,-1.922939599199152028e+00,-2.358274869877560742e-02,-2.423219457353996686e-01,-8.220364606344858494e-02,1.627798822570942402e+09
0.000000000000000000e+00,0.000000000000000000e+00,-2.682999999999999829e+00,2.268357684536784213e-02,1.309674423981130320e-02,-2.580722081020408787e+00,-2.283704489800794657e-02,-2.464310843875464618e-01,-8.220364606344858494e-02,1.627798822628330231e+09
0.000000000000000000e+00,0.000000000000000000e+00,-2.682999999999999829e+00,-7.561200678990798174e-03,1.309676144669502662e-02,-2.530314168528407848e+00,-2.209134109724028572e-02,-2.505402230396932550e-01,-8.220364606344858494e-02,1.627798822685829878e+09
0.000000000000000000e+00,0.000000000000000000e+00,-2.721000000000000085e+00,7.561183002716909130e-03,-1.309674423981130320e-02,-2.631130059739792415e+00,-2.134563729647262487e-02,-2.546493616918400482e-01,-8.220364606344858494e-02,1.627798822747528076e+09
0.000000000000000000e+00,0.000000000000000000e+00,-2.809000000000000163e+00,-7.437223245933377580e-03,-3.950499183524935898e-02,-2.682364423737030990e+00,-2.059993349570496401e-02,-2.587585003439868414e-01,-8.220364606344858494e-02,1.627798822807758093e+09
0.000000000000000000e+00,0.000000000000000000e+00,-2.809000000000000163e+00,-3.049271707756789906e-02,-2.619350568650632982e-02,-2.682364423737030990e+00,-1.985422969493730316e-02,-2.628676389961336346e-01,-8.220364606344858494e-02,1.627798822866339922e+09
0.000000000000000000e+00,0.000000000000000000e+00,-2.721000000000000085e+00,5.317627966035456955e-02,1.309674423981130320e-02,-2.784006766453653636e+00,-1.910852589416964231e-02,-2.669767776482804278e-01,-8.220364606344858494e-02,1.627798822925150394e+09
0.000000000000000000e+00,0.000000000000000000e+00,-2.721000000000000085e+00,-1.537033339586019176e-02,0.000000000000000000e+00,-2.783180314948415557e+00,-1.836282209340198146e-02,-2.710859163004272210e-01,-8.220364606344858494e-02,1.627798822982738495e+09
0.000000000000000000e+00,0.000000000000000000e+00,-2.682999999999999829e+00,-3.036872971040310842e-02,2.640823038855433236e-02,-2.834414745173036820e+00,-1.761711829263432061e-02,-2.751950549525740142e-01,-8.220364606344858494e-02,1.627798823047675848e+09
0.000000000000000000e+00,0.000000000000000000e+00,-2.597999999999999865e+00,-3.049270714346052902e-02,0.000000000000000000e+00,-2.682364489964413679e+00,-1.687141449186665976e-02,-2.793041936047208074e-01,-8.220364606344858494e-02,1.627798823109807968e+09
0.000000000000000000e+00,0.000000000000000000e+00,-2.597999999999999865e+00,4.549111512666134671e-02,-2.640823038855433236e-02,-2.732772336229032373e+00,-1.612571069109899891e-02,-2.834133322568676006e-01,-8.220364606344858494e-02,1.627798823169785738e+09
0.000000000000000000e+00,0.000000000000000000e+00,-2.597999999999999865e+00,-7.561190971719033982e-03,-1.309674423981130320e-02,-2.681537972231793354e+00,-1.538000689033133805e-02,-2.875224709090143937e-01,-8.220364606344858494e-02,1.627798823228836298e+09
0.000000000000000000e+00,0.000000000000000000e+00,-2.597999999999999865e+00,3.024476371916798301e-02,0.000000000000000000e+00,-2.631129993512409726e+00,-1.463430308956367720e-02,-2.916316095611611869e-01,-8.220364606344858494e-02,1.627798823286032200e+09
0.000000000000000000e+00,0.000000000000000000e+00,-2.509999999999999787e+00,7.561183002716909130e-03,1.309674423981130320e-02,-2.631130059739792415e+00,-1.388859928879601635e-02,-2.957407482133079801e-01,-8.220364606344858494e-02,1.627798823343766928e+09
0.000000000000000000e+00,0.000000000000000000e+00,-2.509999999999999787e+00,-7.561200678990798174e-03,3.929024992631763302e-02,-2.530314168528407848e+00,-1.314289548802835550e-02,-2.998498868654547733e-01,-8.220364606344858494e-02,1.627798823403430700e+09
0.000000000000000000e+00,0.000000000000000000e+00,-2.548000000000000043e+00,7.561193163660134831e-03,3.929024992631763302e-02,-2.479906189809024220e+00,-1.239719168726069465e-02,-3.039590255176015665e-01,-8.220364606344858494e-02,1.627798823464911222e+09
0.000000000000000000e+00,0.000000000000000000e+00,-2.548000000000000043e+00,-7.561200678990798174e-03,-1.309676144669502662e-02,-2.530314168528407848e+00,-1.165148788649303380e-02,-3.080681641697483597e-01,-8.220364606344858494e-02,1.627798823523114443e+09
0.000000000000000000e+00,0.000000000000000000e+00,-2.509999999999999787e+00,2.268357684536784213e-02,-1.309674423981130320e-02,-2.580722081020408787e+00,-1.090578408572537294e-02,-3.121773028218951529e-01,-8.220364606344858494e-02,1.627798823582759619e+09
0.000000000000000000e+00,0.000000000000000000e+00,0.000000000000000000e+00,2.268356713809605019e-02,-3.929024992631763302e-02,-2.429498277317023280e+00,-1.016008028495771209e-02,-3.162864414740419461e-01,-8.220364606344858494e-02,1.627798823642320395e+09
0.000000000000000000e+00,0.000000000000000000e+00,0.000000000000000000e+00,-3.644247376088927126e-09,0.000000000000000000e+00,-2.429498211089641035e+00,-9.414376484190051242e-03,-3.203955801261887393e-01,-8.220364606344858494e-02,1.627798823702107191e+09
0.000000000000000000e+00,0.000000000000000000e+00,0.000000000000000000e+00,-3.780597207557506723e-02,-1.309675714497409750e-02,-5.040796216253787265e-02,-8.668672683422390390e-03,-3.245047187783355325e-01,-8.220364606344858494e-02,1.627798823762391567e+09
0.000000000000000000e+00,0.000000000000000000e+00,0.000000000000000000e+00,0.000000000000000000e+00,0.000000000000000000e+00,0.000000000000000000e+00,-7.922968882654729539e-03,-3.286138574304823257e-01,-8.220364606344858494e-02,1.627798823822093964e+09
0.000000000000000000e+00,0.000000000000000000e+00,0.000000000000000000e+00,0.000000000000000000e+00,0.000000000000000000e+00,0.000000000000000000e+00,-7.177265081887069555e-03,-3.327229960826291189e-01,-8.220364606344858494e-02,1.627798823884767532e+09
0.000000000000000000e+00,0.000000000000000000e+00,0.000000000000000000e+00,0.000000000000000000e+00,0.000000000000000000e+00,0.000000000000000000e+00,-6.431561281119409570e-03,-3.368321347347759120e-01,-8.220364606344858494e-02,1.627798823946802616e+09
0.000000000000000000e+00,0.000000000000000000e+00,0.000000000000000000e+00,0.000000000000000000e+00,0.000000000000000000e+00,0.000000000000000000e+00,-5.685857480351749586e-03,-3.409412733869227052e-01,-8.220364606344858494e-02,1.627798824009522438e+09
0.000000000000000000e+00,0.000000000000000000e+00,0.000000000000000000e+00,0.000000000000000000e+00,0.000000000000000000e+00,0.000000000000000000e+00,-4.940153679584089602e-03,-3.450504120390694984e-01,-8.220364606344858494e-02,1.627798824071399212e+09
-2.929999999999999827e-01,0.000000000000000000e+00,0.000000000000000000e+00,0.000000000000000000e+00,0.000000000000000000e+00,0.000000000000000000e+00,-4.194449878816429618e-03,-3.491595506912162916e-01,-8.220364606344858494e-02,1.627798824133142471e+09
-6.250000000000000000e-01,0.000000000000000000e+00,0.000000000000000000e+00,0.000000000000000000e+00,0.000000000000000000e+00,0.000000000000000000e+00,-3.448746078048769634e-03,-3.532686893433630848e-01,-8.220364606344858494e-02,1.627798824195432425e+09
-6.400000000000000133e-01,0.000000000000000000e+00,0.000000000000000000e+00,-1.136658171394751282e-01,-1.309675714497409750e-02,-3.032741085825457761e-01,-2.703042277281109650e-03,-3.573778279955098780e-01,-8.220364606344858494e-02,1.627798824257602453e+09
-5.769999999999999574e-01,0.000000000000000000e+00,0.000000000000000000e+00,-4.478457665611675353e-01,1.309676144669502662e-02,2.536925316978633216e-01,-1.957338476513449665e-03,-3.614869666476566712e-01,-8.220364606344858494e-02,1.627798824319882870e+09
-5.140000000000000124e-01,0.000000000000000000e+00,0.000000000000000000e+00,-4.782145023345947266e-01,-1.331145173497558232e-02,0.000000000000000000e+00,-1.211634675745789681e-03,-3.655961052998034644e-01,-8.220364606344858494e-02,1.627798824379529476e+09
-4.349999999999999978e-01,0.000000000000000000e+00,0.000000000000000000e+00,-5.239535170511996354e-01,1.309674423981130320e-02,1.512238699307679457e-01,-4.659308749781295887e-04,-3.697052439519502576e-01,-8.220364606344858494e-02,1.627798824439000845e+09
-4.109999999999999765e-01,0.000000000000000000e+00,0.000000000000000000e+00,-5.390759210547939606e-01,1.309676144669502662e-02,-5.040797871938340613e-02,2.797729257895305039e-04,-3.738143826040970508e-01,-8.220364606344858494e-02,1.627798824499113798e+09
-3.559999999999999831e-01,0.000000000000000000e+00,0.000000000000000000e+00,-4.782145023345947266e-01,1.331145173497558232e-02,0.000000000000000000e+00,1.025476726557190705e-03,-3.779235212562438440e-01,-8.220364606344858494e-02,1.627798824558503866e+09
0.000000000000000000e+00,0.000000000000000000e+00,0.000000000000000000e+00,-4.630921283601587835e-01,-1.331145173497558232e-02,5.040791249200093915e-02,1.771180527324850689e-03,-3.820326599083906371e-01,-8.220364606344858494e-02,1.627798824617170572e+09
0.000000000000000000e+00,0.000000000000000000e+00,0.000000000000000000e+00,-4.250382282798740308e-01,-2.640821318167060894e-02,1.016422764892399577e-01,2.516884328092510673e-03,-3.861417985605374303e-01,-8.220364606344858494e-02,1.627798824681684732e+09
0.000000000000000000e+00,0.000000000000000000e+00,0.000000000000000000e+00,-1.512238910243302731e-02,0.000000000000000000e+00,-2.016318486501514906e-01,3.262588128860170657e-03,-3.902509372126842235e-01,-8.220364606344858494e-02,1.627798824739407301e+09
0.000000000000000000e+00,0.000000000000000000e+00,0.000000000000000000e+00,0.000000000000000000e+00,0.000000000000000000e+00,0.000000000000000000e+00,4.008291929627831075e-03,-3.943600758648310167e-01,-8.220364606344858494e-02,1.627798824798458815e+09
0.000000000000000000e+00,0.000000000000000000e+00,0.000000000000000000e+00,0.000000000000000000e+00,0.000000000000000000e+00,0.000000000000000000e+00,4.753995730395491059e-03,-3.984692145169778099e-01,-8.220364606344858494e-02,1.627798824858026028e+09
0.000000000000000000e+00,0.000000000000000000e+00,0.000000000000000000e+00,0.000000000000000000e+00,0.000000000000000000e+00,0.000000000000000000e+00,5.499699531163151044e-03,-4.025783531691246031e-01,-8.220364606344858494e-02,1.627798824919559240e+09
1.029999999999999943e-01,0.000000000000000000e+00,0.000000000000000000e+00,0.000000000000000000e+00,0.000000000000000000e+00,0.000000000000000000e+00,6.245403331930811028e-03,-4.066874918212713963e-01,-8.220364606344858494e-02,1.627798824979899406e+09
0.000000000000000000e+00,0.000000000000000000e+00,0.000000000000000000e+00,0.000000000000000000e+00,0.000000000000000000e+00,0.000000000000000000e+00,6.991107132698471012e-03,-4.107966304734181895e-01,-8.220364606344858494e-02,1.627798825038397789e+09
0.000000000000000000e+00,0.000000000000000000e+00,0.000000000000000000e+00,2.268358319997787476e-02,-1.309675714497409750e-02,0.000000000000000000e+00,7.736810933466130996e-03,-4.149057691255649827e-01,-8.220364606344858494e-02,1.627798825097003937e+09
1.499999999999999944e-01,0.000000000000000000e+00,0.000000000000000000e+00,0.000000000000000000e+00,0.000000000000000000e+00,0.000000000000000000e+00,8.482514734233791848e-03,-4.190149077777117759e-01,-8.220364606344858494e-02,1.627798825155931950e+09
0.000000000000000000e+00,0.000000000000000000e+00,0.000000000000000000e+00,0.000000000000000000e+00,0.000000000000000000e+00,0.000000000000000000e+00,9.228218535001452699e-03,-4.231240464298585691e-01,-8.220364606344858494e-02,1.627798825212985039e+09
0.000000000000000000e+00,0.000000000000000000e+00,0.000000000000000000e+00,0.000000000000000000e+00,0.000000000000000000e+00,0.000000000000000000e+00,9.973922335769113551e-03,-4.272331850820053623e-01,-8.220364606344858494e-02,1.627798825270483255e+09
0.000000000000000000e+00,0.000000000000000000e+00,0.000000000000000000e+00,0.000000000000000000e+00,0.000000000000000000e+00,0.000000000000000000e+00,1.071962613653677440e-02,-4.313423237341521554e-01,-8.220364606344858494e-02,1.627798825327723503e+09
0.000000000000000000e+00,0.000000000000000000e+00,0.000000000000000000e+00,0.000000000000000000e+00,0.000000000000000000e+00,0.000000000000000000e+00,1.146532993730443525e-02,-4.354514623862989486e-01,-8.220364606344858494e-02,1.627798825385220528e+09
0.000000000000000000e+00,0.000000000000000000e+00,0.000000000000000000e+00,0.000000000000000000e+00,0.000000000000000000e+00,0.000000000000000000e+00,1.221103373807209611e-02,-4.395606010384457418e-01,-8.220364606344858494e-02,1.627798825444414139e+09
1.739999999999999880e-01,0.000000000000000000e+00,0.000000000000000000e+00,0.000000000000000000e+00,0.000000000000000000e+00,0.000000000000000000e+00,1.295673753883975696e-02,-4.436697396905925350e-01,-8.220364606344858494e-02,1.627798825502328157e+09
3.400000000000000244e-01,1.499999999999999944e-01,0.000000000000000000e+00,0.000000000000000000e+00,0.000000000000000000e+00,0.000000000000000000e+00,1.370244133960741781e-02,-4.477788783427393282e-01,-8.220364606344858494e-02,1.627798825560091734e+09
3.950000000000000178e-01,1.499999999999999944e-01,0.000000000000000000e+00,6.073745618830286158e-02,0.000000000000000000e+00,2.024581842574700585e-01,1.444814514037507866e-02,-4.518880169948861214e-01,-8.220364606344858494e-02,1.627798825618734121e+09
0.000000000000000000e+00,0.000000000000000000e+00,0.000000000000000000e+00,2.502631145434177085e-01,9.210669349654257432e-02,-1.512238699307680290e-01,1.519384894114273951e-02,-4.559971556470329146e-01,-8.220364606344858494e-02,1.627798825676343203e+09
0.000000000000000000e+00,0.000000000000000000e+00,0.000000000000000000e+00,2.731945914324006575e-01,1.313969606297439308e-01,1.520501889812410079e-01,1.593955274191040036e-02,-4.601062942991797078e-01,-8.220364606344858494e-02,1.627798825736586809e+09
0.000000000000000000e+00,0.000000000000000000e+00,0.000000000000000000e+00,0.000000000000000000e+00,0.000000000000000000e+00,0.000000000000000000e+00,1.668525654267806121e-02,-4.642154329513265010e-01,-8.220364606344858494e-02,1.627798825797499180e+09
0.000000000000000000e+00,0.000000000000000000e+00,0.000000000000000000e+00,-1.512238887559719420e-02,0.000000000000000000e+00,-5.040796216253787265e-02,1.743096034344572207e-02,-4.683245716034732942e-01,-8.220364606344858494e-02,1.627798825858306646e+09
0.000000000000000000e+00,0.000000000000000000e+00,0.000000000000000000e+00,0.000000000000000000e+00,0.000000000000000000e+00,0.000000000000000000e+00,1.817666414421338292e-02,-4.724337102556200874e-01,-8.220364606344858494e-02,1.627798825919483900e+09
0.000000000000000000e+00,0.000000000000000000e+00,0.000000000000000000e+00,0.000000000000000000e+00,0.000000000000000000e+00,0.000000000000000000e+00,1.892236794498104377e-02,-4.765428489077668806e-01,-8.220364606344858494e-02,1.627798825983559132e+09
0.000000000000000000e+00,0.000000000000000000e+00,0.000000000000000000e+00,0.000000000000000000e+00,0.000000000000000000e+00,0.000000000000000000e+00,1.966807174574870462e-02,-4.806519875599136737e-01,-8.220364606344858494e-02,1.627798826044914722e+09
0.000000000000000000e+00,0.000000000000000000e+00,0.000000000000000000e+00,0.000000000000000000e+00,0.000000000000000000e+00,0.000000000000000000e+00,2.041377554651636547e-02,-4.847611262120604669e-01,-8.220364606344858494e-02,1.627798826104192972e+09
0.000000000000000000e+00,0.000000000000000000e+00,0.000000000000000000e+00,0.000000000000000000e+00,0.000000000000000000e+00,0.000000000000000000e+00,2.115947934728402632e-02,-4.888702648642072601e-01,-8.220364606344858494e-02,1.627798826162932634e+09
0.000000000000000000e+00,0.000000000000000000e+00,0.000000000000000000e+00,0.000000000000000000e+00,0.000000000000000000e+00,0.000000000000000000e+00,2.190518314805168718e-02,-4.929794035163540533e-01,-8.220364606344858494e-02,1.627798826221302271e+09
0.000000000000000000e+00,0.000000000000000000e+00,0.000000000000000000e+00,0.000000000000000000e+00,0.000000000000000000e+00,0.000000000000000000e+00,2.265088694881934803e-02,-4.970885421685008465e-01,-8.220364606344858494e-02,1.627798826280345678e+09
0.000000000000000000e+00,0.000000000000000000e+00,0.000000000000000000e+00,0.000000000000000000e+00,0.000000000000000000e+00,0.000000000000000000e+00,2.339659074958700888e-02,-5.011976808206476397e-01,-8.220364606344858494e-02,1.627798826339197874e+09
0.000000000000000000e+00,0.000000000000000000e+00,0.000000000000000000e+00,0.000000000000000000e+00,0.000000000000000000e+00,0.000000000000000000e+00,2.414229455035466973e-02,-5.053068194727944329e-01,-8.220364606344858494e-02,1.627798826397883177e+09
0.000000000000000000e+00,0.000000000000000000e+00,0.000000000000000000e+00,0.000000000000000000e+00,0.000000000000000000e+00,0.000000000000000000e+00,2.488799835112233058e-02,-5.094159581249412261e-01,-8.220364606344858494e-02,1.627798826456351995e+09
0.000000000000000000e+00,0.000000000000000000e+00,0.000000000000000000e+00,0.000000000000000000e+00,0.000000000000000000e+00,0.000000000000000000e+00,2.563370215188999143e-02,-5.135250967770880193e-01,-8.220364606344858494e-02,1.627798826515115976e+09
0.000000000000000000e+00,0.000000000000000000e+00,0.000000000000000000e+00,0.000000000000000000e+00,0.000000000000000000e+00,0.000000000000000000e+00,2.637940595265765228e-02,-5.176342354292348125e-01,-8.220364606344858494e-02,1.627798826573778152e+09
0.000000000000000000e+00,0.000000000000000000e+00,0.000000000000000000e+00,0.000000000000000000e+00,0.000000000000000000e+00,0.000000000000000000e+00,2.712510975342531314e-02,-5.217433740813816057e-01,-8.220364606344858494e-02,1.627798826632429361e+09
0.000000000000000000e+00,0.000000000000000000e+00,0.000000000000000000e+00,0.000000000000000000e+00,0.000000000000000000e+00,0.000000000000000000e+00,2.787081355419297399e-02,-5.258525127335283988e-01,-8.220364606344858494e-02,1.627798826691048622e+09
