0.000000000000000000e+00,0.000000000000000000e+00,0.000000000000000000e+00,0.000000000000000000e+00,0.000000000000000000e+00,0.000000000000000000e+00,-4.938724769017426150e-04,6.275704427243908225e-04,-5.329247718862145005e-04,1.627798550614450693e+09
0.000000000000000000e+00,0.000000000000000000e+00,0.000000000000000000e+00,0.000000000000000000e+00,0.000000000000000000e+00,0.000000000000000000e+00,-4.575419298402266279e-04,6.230291243417013106e-04,-6.661559648577680985e-04,1.627798550688432693e+09
0.000000000000000000e+00,0.000000000000000000e+00,0.000000000000000000e+00,0.000000000000000000e+00,0.000000000000000000e+00,0.000000000000000000e+00,-4.232549261039820999e-04,4.001636000561119874e-04,-6.661559648577680985e-04,1.627798550755672932e+09
0.000000000000000000e+00,0.000000000000000000e+00,0.000000000000000000e+00,0.000000000000000000e+00,0.000000000000000000e+00,0.000000000000000000e+00,-4.585501444766122659e-04,1.962356716809153490e-04,-1.332311929715537064e-04,1.627798550818481684e+09
0.000000000000000000e+00,0.000000000000000000e+00,0.000000000000000000e+00,0.000000000000000000e+00,0.000000000000000000e+00,0.000000000000000000e+00,-3.563265989127102412e-04,6.538953335912076493e-05,5.329247718862145005e-04,1.627798550878018618e+09
0.000000000000000000e+00,0.000000000000000000e+00,0.000000000000000000e+00,0.000000000000000000e+00,0.000000000000000000e+00,0.000000000000000000e+00,-3.099478694057323895e-04,-1.858285848036758865e-04,-1.199080736743982599e-03,1.627798550941556215e+09
0.000000000000000000e+00,0.000000000000000000e+00,0.000000000000000000e+00,0.000000000000000000e+00,0.000000000000000000e+00,0.000000000000000000e+00,-2.679482020830618221e-04,-6.058252580303816149e-04,-5.329247718862145005e-04,1.627798551007050991e+09
0.000000000000000000e+00,0.000000000000000000e+00,0.000000000000000000e+00,0.000000000000000000e+00,0.000000000000000000e+00,0.000000000000000000e+00,-1.749070444566313263e-04,-9.314693097228882689e-04,-1.332311929715536414e-03,1.627798551069379568e+09
0.000000000000000000e+00,0.000000000000000000e+00,0.000000000000000000e+00,0.000000000000000000e+00,0.000000000000000000e+00,0.000000000000000000e+00,4.463329805366820363e-05,-9.874305735000233741e-04,-6.661559648577680985e-04,1.627798551130493641e+09
0.000000000000000000e+00,0.000000000000000000e+00,0.000000000000000000e+00,0.000000000000000000e+00,0.000000000000000000e+00,0.000000000000000000e+00,3.601209965017916344e-04,-1.018979343344835788e-03,1.332311929715535980e-04,1.627798551193247080e+09
0.000000000000000000e+00,0.000000000000000000e+00,0.000000000000000000e+00,0.000000000000000000e+00,0.000000000000000000e+00,0.000000000000000000e+00,4.789934265339981030e-04,-1.179198705562157536e-03,3.996935789146608482e-04,1.627798551253495455e+09
0.000000000000000000e+00,0.000000000000000000e+00,0.000000000000000000e+00,0.000000000000000000e+00,0.000000000000000000e+00,0.000000000000000000e+00,5.610102958249627491e-04,-1.370571400574408395e-03,1.332311929715535980e-04,1.627798551331252337e+09
0.000000000000000000e+00,0.000000000000000000e+00,0.000000000000000000e+00,0.000000000000000000e+00,0.000000000000000000e+00,0.000000000000000000e+00,5.569370516117488077e-04,-1.566087122808676067e-03,-3.996935789146609025e-04,1.627798551396514893e+09
0.000000000000000000e+00,0.000000000000000000e+00,0.000000000000000000e+00,0.000000000000000000e+00,0.000000000000000000e+00,0.000000000000000000e+00,6.278103307362471134e-04,-1.858439399197231836e-03,-1.332311929715537064e-04,1.627798551464170694e+09
0.000000000000000000e+00,0.000000000000000000e+00,0.000000000000000000e+00,0.000000000000000000e+00,0.000000000000000000e+00,0.000000000000000000e+00,7.957998668724030993e-04,-2.118059591407654881e-03,-1.332311929715537064e-04,1.627798551525984764e+09
0.000000000000000000e+00,0.000000000000000000e+00,0.000000000000000000e+00,0.000000000000000000e+00,0.000000000000000000e+00,0.000000000000000000e+00,9.372146347421221602e-04,-2.126140435285924380e-03,-6.661559648577680985e-04,1.627798551592991590e+09
0.000000000000000000e+00,0.000000000000000000e+00,0.000000000000000000e+00,0.000000000000000000e+00,0.000000000000000000e+00,0.000000000000000000e+00,1.040421564178541265e-03,-2.138048927143972738e-03,-3.996935789146609025e-04,1.627798551659483910e+09
0.000000000000000000e+00,0.000000000000000000e+00,0.000000000000000000e+00,0.000000000000000000e+00,0.000000000000000000e+00,0.000000000000000000e+00,9.698636642962810226e-04,-2.349722626790753249e-03,-2.664623859431073044e-04,1.627798551730932951e+09
0.000000000000000000e+00,0.000000000000000000e+00,0.000000000000000000e+00,0.000000000000000000e+00,0.000000000000000000e+00,0.000000000000000000e+00,9.698636642962810226e-04,-2.520851113973185224e-03,-1.332311929715537064e-04,1.627798551793704987e+09
0.000000000000000000e+00,0.000000000000000000e+00,0.000000000000000000e+00,0.000000000000000000e+00,0.000000000000000000e+00,0.000000000000000000e+00,1.029867918712261497e-03,-2.696577859048557031e-03,-1.332311929715537064e-04,1.627798551855314732e+09
0.000000000000000000e+00,0.000000000000000000e+00,0.000000000000000000e+00,0.000000000000000000e+00,0.000000000000000000e+00,0.000000000000000000e+00,1.042391614150983475e-03,-2.938702637530514125e-03,-6.661559648577680985e-04,1.627798551917214394e+09
0.000000000000000000e+00,2.530000000000000027e-01,0.000000000000000000e+00,0.000000000000000000e+00,0.000000000000000000e+00,0.000000000000000000e+00,1.066415806310396733e-03,-3.275041327762301044e-03,9.326183508008754029e-04,1.627798551975798845e+09
0.000000000000000000e+00,3.790000000000000036e-01,0.000000000000000000e+00,0.000000000000000000e+00,0.000000000000000000e+00,0.000000000000000000e+00,-9.257893438407343092e-05,-5.781704371589875546e-03,1.865236701601750806e-03,1.627798552040632010e+09
0.000000000000000000e+00,3.790000000000000036e-01,0.000000000000000000e+00,-7.561194324380680551e-03,3.929027143492229424e-02,5.040796216253787265e-02,-2.678173268328100463e-03,1.141641176272242125e-03,1.693368462668446706e-01,1.627798552101841450e+09
0.000000000000000000e+00,3.079999999999999960e-01,0.000000000000000000e+00,3.805387478762582015e-02,2.235036455228446295e-01,-2.536924985841721436e-01,-5.554226461562938692e-03,1.862455846605734835e-02,-2.548712721545821069e-01,1.627798552164561033e+09
0.000000000000000000e+00,2.290000000000000091e-01,0.000000000000000000e+00,0.000000000000000000e+00,3.418038361024516858e-01,0.000000000000000000e+00,-7.913946182216021613e-03,3.253047892511821970e-02,-3.797088999689278432e-02,1.627798552234128237e+09
0.000000000000000000e+00,2.290000000000000091e-01,0.000000000000000000e+00,0.000000000000000000e+00,3.418038361024516858e-01,0.000000000000000000e+00,-1.300751616553970716e-02,3.247879140683725824e-02,-7.767378550241577084e-02,1.627798552297860384e+09
0.000000000000000000e+00,2.290000000000000091e-01,0.000000000000000000e+00,0.000000000000000000e+00,2.627939212594878615e-01,0.000000000000000000e+00,-2.273319607905504788e-02,1.771538418547206201e-02,1.055191048334704756e-01,1.627798552361704588e+09
0.000000000000000000e+00,3.079999999999999960e-01,0.000000000000000000e+00,7.561196807907524797e-03,2.496971598127928349e-01,-5.040797871938350327e-02,-2.417731220645291321e-02,9.678737925244054741e-03,-1.095160406226170918e-01,1.627798552427499294e+09
0.000000000000000000e+00,3.240000000000000102e-01,0.000000000000000000e+00,0.000000000000000000e+00,2.366003983660978083e-01,0.000000000000000000e+00,-1.946821492100352449e-02,1.030786956657029491e-02,-1.145788259555361246e-02,1.627798552495816708e+09
0.000000000000000000e+00,3.240000000000000102e-01,0.000000000000000000e+00,0.000000000000000000e+00,2.627939212594878615e-01,0.000000000000000000e+00,-1.960893228690183121e-02,1.236896510237492884e-02,4.476568083844201240e-02,1.627798552559401989e+09
0.000000000000000000e+00,3.240000000000000102e-01,0.000000000000000000e+00,1.512238368170767955e-02,3.156103304159453282e-01,-1.008158912113845396e-01,-2.234360995629030427e-02,8.130214714822793162e-03,-8.300303322127791650e-02,1.627798552626347780e+09
0.000000000000000000e+00,3.240000000000000102e-01,0.000000000000000000e+00,7.561196807907510919e-03,3.025135861761340528e-01,-5.040797871938340613e-02,-2.512804062766662433e-02,9.873881899547992669e-03,-9.286214150117287625e-02,1.627798552688370228e+09
0.000000000000000000e+00,3.240000000000000102e-01,0.000000000000000000e+00,0.000000000000000000e+00,3.156103476228290794e-01,0.000000000000000000e+00,-2.599251082825066242e-02,1.790168498290585844e-02,4.942877259244639332e-02,1.627798552753319263e+09
0.000000000000000000e+00,3.240000000000000102e-01,0.000000000000000000e+00,0.000000000000000000e+00,3.156103476228290794e-01,0.000000000000000000e+00,-3.017096898160815874e-02,2.613259229826507546e-02,1.585451196361488055e-02,1.627798552821012497e+09
0.000000000000000000e+00,3.240000000000000102e-01,0.000000000000000000e+00,7.561186873800168629e-03,3.287070918626403548e-01,-5.040791249200112650e-02,-3.514458682478797946e-02,2.422396107754611408e-02,-2.691270098025383417e-02,1.627798552883661985e+09
0.000000000000000000e+00,3.240000000000000102e-01,0.000000000000000000e+00,7.561196807907510919e-03,3.025135861761340528e-01,-5.040797871938340613e-02,-3.578655340233453247e-02,1.914487256695719675e-02,3.650534687420568802e-02,1.627798552952152252e+09
0.000000000000000000e+00,3.320000000000000173e-01,0.000000000000000000e+00,-7.561186873800168629e-03,3.287070918626403548e-01,5.040791249200112650e-02,-3.409449881548207162e-02,1.848843693205780639e-02,-1.385604406904157766e-02,1.627798553013494730e+09
0.000000000000000000e+00,3.559999999999999831e-01,0.000000000000000000e+00,0.000000000000000000e+00,3.156103476228290794e-01,0.000000000000000000e+00,-3.537798358977015112e-02,1.421589701228003280e-02,5.595710104805252244e-02,1.627798553076257467e+09
0.000000000000000000e+00,3.639999999999999902e-01,0.000000000000000000e+00,-7.561186873800168629e-03,3.287070918626403548e-01,5.040791249200112650e-02,-3.151866511232146589e-02,1.254700253554546542e-02,-5.102754690810504257e-02,1.627798553153358936e+09
0.000000000000000000e+00,3.639999999999999902e-01,0.000000000000000000e+00,-7.561206742014880966e-03,3.549006147560304081e-01,5.040804494676587311e-02,-2.198875408066741990e-02,1.962788615124372305e-02,-1.771974866521663222e-02,1.627798553226064682e+09
0.000000000000000000e+00,3.639999999999999902e-01,0.000000000000000000e+00,7.561206742014880966e-03,3.549006147560304081e-01,-5.040804494676587311e-02,-1.625219688977885824e-02,1.619804698741426907e-02,6.568297813497593618e-02,1.627798553292207718e+09
0.000000000000000000e+00,3.790000000000000036e-01,0.000000000000000000e+00,-7.685144665478468862e-03,3.813088451445847404e-01,5.123429776985646139e-02,-1.629725473681246234e-02,2.550025120935602713e-03,-8.620058185259520112e-02,1.627798553360933542e+09
0.000000000000000000e+00,3.870000000000000107e-01,0.000000000000000000e+00,-7.685144665478468862e-03,3.813088451445847404e-01,5.123429776985646139e-02,-1.776693499184620745e-02,-2.637216921204566140e-04,7.767378550241575697e-02,1.627798553436209917e+09
0.000000000000000000e+00,3.870000000000000107e-01,0.000000000000000000e+00,0.000000000000000000e+00,3.679973934096091859e-01,0.000000000000000000e+00,-1.538243902084068110e-02,5.152363952059381066e-03,4.210105697901094651e-02,1.627798553506034374e+09
0.000000000000000000e+00,3.870000000000000107e-01,0.000000000000000000e+00,-7.685144665478468862e-03,3.813088451445847404e-01,5.123429776985646139e-02,-1.350471953243831749e-02,1.026977546445195441e-02,-1.008560130794660947e-01,1.627798553580150366e+09
0.000000000000000000e+00,3.870000000000000107e-01,0.000000000000000000e+00,-7.685144665478468862e-03,3.813088451445847404e-01,5.123429776985646139e-02,-1.612499944669034194e-02,1.073987248494958670e-02,-8.846551213311161510e-02,1.627798553643046856e+09
0.000000000000000000e+00,3.870000000000000107e-01,0.000000000000000000e+00,0.000000000000000000e+00,3.946202968795603505e-01,0.000000000000000000e+00,-1.815842209510228414e-02,1.196797923300036391e-02,7.594177999378557038e-03,1.627798553709399462e+09
0.000000000000000000e+00,3.870000000000000107e-01,0.000000000000000000e+00,0.000000000000000000e+00,3.946202968795603505e-01,0.000000000000000000e+00,-2.041940014264909814e-02,1.213409190588135393e-02,6.981314511709409143e-02,1.627798553771126270e+09
0.000000000000000000e+00,3.870000000000000107e-01,0.000000000000000000e+00,0.000000000000000000e+00,3.946202968795603505e-01,0.000000000000000000e+00,-2.290640093183683029e-02,4.537796695386345919e-03,-4.516537441735668512e-02,1.627798553841289043e+09
0.000000000000000000e+00,3.870000000000000107e-01,0.000000000000000000e+00,-1.524635140749334983e-02,3.682120664910060182e-01,1.016423427166223414e-01,-2.282010161201178389e-02,-3.035995992116663662e-03,-3.370749182180306919e-02,1.627798553902203560e+09
0.000000000000000000e+00,3.870000000000000107e-01,0.000000000000000000e+00,7.561196807907510919e-03,4.339105468058779835e-01,-5.040797871938340613e-02,-2.192371103635814417e-02,-5.776277708040292863e-03,3.850381476877899611e-02,1.627798553962970734e+09
0.000000000000000000e+00,3.870000000000000107e-01,0.000000000000000000e+00,0.000000000000000000e+00,3.946202968795603505e-01,0.000000000000000000e+00,-1.543507281955389804e-02,-8.086626164023624080e-03,-5.649002581993874117e-02,1.627798554025485754e+09
0.000000000000000000e+00,3.870000000000000107e-01,0.000000000000000000e+00,7.685144665478468862e-03,3.813088451445847404e-01,-5.123429776985646139e-02,-1.355934535777705667e-02,-1.255985745054131672e-02,-3.730473403203501612e-03,1.627798554094248533e+09
0.000000000000000000e+00,3.870000000000000107e-01,0.000000000000000000e+00,0.000000000000000000e+00,3.946202968795603505e-01,0.000000000000000000e+00,-1.698345717748525260e-02,-1.486933854225572227e-02,-1.652066792847264876e-02,1.627798554164159298e+09
0.000000000000000000e+00,3.870000000000000107e-01,0.000000000000000000e+00,7.685144665478468862e-03,3.813088451445847404e-01,-5.123429776985646139e-02,-1.952564562372063189e-02,-1.833249944955241822e-02,-1.185757617446827304e-02,1.627798554229949951e+09
0.000000000000000000e+00,3.870000000000000107e-01,0.000000000000000000e+00,7.561186873800154751e-03,4.077170411193716815e-01,-5.040791249200103630e-02,-2.440885822329364602e-02,-2.516797762912174538e-02,1.330979617785820746e-01,1.627798554300500393e+09
0.000000000000000000e+00,3.870000000000000107e-01,0.000000000000000000e+00,7.561186873800154751e-03,4.077170411193716815e-01,-5.040791249200103630e-02,-2.779378424350652591e-02,-2.400563644352660467e-02,-3.397395420774618202e-02,1.627798554375005722e+09
0.000000000000000000e+00,3.870000000000000107e-01,0.000000000000000000e+00,-7.685144665478468862e-03,3.813088451445847404e-01,5.123429776985646139e-02,-3.063728002414354765e-02,-1.862372420947358900e-02,-3.956966431255143357e-02,1.627798554438400984e+09
0.000000000000000000e+00,3.870000000000000107e-01,0.000000000000000000e+00,7.685144665478468862e-03,3.813088451445847404e-01,-5.123429776985646139e-02,-3.034070708871950198e-02,-1.837524418249668334e-02,3.384072301477461520e-02,1.627798554504829407e+09
0.000000000000000000e+00,3.870000000000000107e-01,0.000000000000000000e+00,0.000000000000000000e+00,3.679973934096091859e-01,0.000000000000000000e+00,-4.214705888394455757e-02,-2.671773010506003909e-02,-1.732005508630197199e-01,1.627798554568035603e+09
0.000000000000000000e+00,3.870000000000000107e-01,0.000000000000000000e+00,0.000000000000000000e+00,3.679973934096091859e-01,0.000000000000000000e+00,-5.568080072735683700e-02,-3.725900185942300491e-02,7.620824237972867454e-02,1.627798554634202480e+09
0.000000000000000000e+00,3.870000000000000107e-01,0.000000000000000000e+00,0.000000000000000000e+00,3.946202968795603505e-01,0.000000000000000000e+00,-5.784523433898866585e-02,-4.496172400714713163e-02,-1.012557066583807605e-02,1.627798554700446129e+09
0.000000000000000000e+00,3.870000000000000107e-01,0.000000000000000000e+00,0.000000000000000000e+00,3.946202968795603505e-01,0.000000000000000000e+00,-5.472979716986301618e-02,-4.496172400714713163e-02,-1.052526424475273663e-02,1.627798554764508963e+09
0.000000000000000000e+00,3.870000000000000107e-01,0.000000000000000000e+00,0.000000000000000000e+00,4.208137853591829569e-01,0.000000000000000000e+00,-4.909716500268550970e-02,-4.401551321519655419e-02,2.717916336619694007e-02,1.627798554825505257e+09
0.000000000000000000e+00,3.870000000000000107e-01,0.000000000000000000e+00,-7.561186873800154751e-03,4.077170411193716815e-01,5.040791249200103630e-02,-4.485257538986916342e-02,-4.969618235024973046e-02,-6.022049922314224452e-02,1.627798554893534184e+09
0.000000000000000000e+00,3.870000000000000107e-01,0.000000000000000000e+00,1.524635140749334983e-02,3.682120664910060182e-01,-1.016423427166223414e-01,-3.914619613941322518e-02,-5.668391035847889642e-02,-3.730473403203501612e-03,1.627798554962728977e+09
0.000000000000000000e+00,4.030000000000000249e-01,0.000000000000000000e+00,-1.524633153927862361e-02,3.944055893843960714e-01,1.016422102618574907e-01,-3.365195152749657359e-02,-6.072416476131038687e-02,-3.410718540071773497e-02,1.627798555028175831e+09
0.000000000000000000e+00,4.030000000000000249e-01,0.000000000000000000e+00,0.000000000000000000e+00,3.946202968795603505e-01,0.000000000000000000e+00,-2.824029118209583217e-02,-5.913763435644432687e-02,3.264164227803063867e-02,1.627798555089490891e+09
0.000000000000000000e+00,4.109999999999999765e-01,0.000000000000000000e+00,0.000000000000000000e+00,3.946202968795603505e-01,0.000000000000000000e+00,-1.822089173041823579e-02,-5.189252049663628519e-02,7.794024788835886286e-02,1.627798555160190105e+09
0.000000000000000000e+00,4.109999999999999765e-01,0.000000000000000000e+00,0.000000000000000000e+00,3.946202968795603505e-01,0.000000000000000000e+00,-1.607359619784402838e-02,-4.297508936772938271e-02,-2.358192115596499314e-02,1.627798555227330446e+09
0.000000000000000000e+00,4.109999999999999765e-01,0.000000000000000000e+00,0.000000000000000000e+00,4.208137853591829569e-01,0.000000000000000000e+00,-1.880871982204335852e-02,-3.383073117217791359e-02,-2.118375968247702620e-02,1.627798555291216612e+09
0.000000000000000000e+00,4.109999999999999765e-01,0.000000000000000000e+00,0.000000000000000000e+00,4.208137853591829569e-01,0.000000000000000000e+00,-2.023490813792815091e-02,-3.419814256657482954e-02,8.593411946665208134e-02,1.627798555355096340e+09
0.000000000000000000e+00,4.109999999999999765e-01,0.000000000000000000e+00,0.000000000000000000e+00,4.208137853591829569e-01,0.000000000000000000e+00,-2.047072718673735928e-02,-3.654805870207711305e-02,-7.927255981807440621e-02,1.627798555415071487e+09
0.000000000000000000e+00,4.109999999999999765e-01,0.000000000000000000e+00,-7.561186873800154751e-03,4.077170411193716815e-01,5.040791249200103630e-02,-1.868146857896646126e-02,-3.513760709685230521e-02,8.193718367750547904e-02,1.627798555476810932e+09
0.000000000000000000e+00,4.109999999999999765e-01,0.000000000000000000e+00,0.000000000000000000e+00,4.208137853591829569e-01,0.000000000000000000e+00,-2.985947018839943748e-02,-3.545579278622972702e-02,9.192952315037200214e-03,1.627798555537654877e+09
0.000000000000000000e+00,4.109999999999999765e-01,0.000000000000000000e+00,0.000000000000000000e+00,4.208137853591829569e-01,0.000000000000000000e+00,-4.249399388859893822e-02,-3.525627588607967849e-02,1.041867929037549323e-01,1.627798555598491907e+09
0.000000000000000000e+00,4.109999999999999765e-01,0.000000000000000000e+00,-7.561196807907510919e-03,4.339105468058779835e-01,5.040797871938340613e-02,-4.294473504324997776e-02,-3.066281375549952115e-02,7.727409192350110853e-03,1.627798555665006876e+09
0.000000000000000000e+00,4.109999999999999765e-01,0.000000000000000000e+00,0.000000000000000000e+00,3.946202968795603505e-01,0.000000000000000000e+00,-4.158218255234970989e-02,-2.316278142289011563e-02,6.754821483657769132e-02,1.627798555736304045e+09
0.000000000000000000e+00,4.109999999999999765e-01,0.000000000000000000e+00,1.512238368170766567e-02,4.208138025660667081e-01,-1.008158912113844424e-01,-4.352178629794508508e-02,-2.360786944030042467e-02,9.286214150117287625e-02,1.627798555796631575e+09
0.000000000000000000e+00,4.109999999999999765e-01,0.000000000000000000e+00,1.524633153927862361e-02,3.944055893843960714e-01,-1.016422102618574907e-01,-4.540796308743885040e-02,-2.129216724329817748e-02,1.354961232520700554e-01,1.627798555856970549e+09
0.000000000000000000e+00,4.109999999999999765e-01,0.000000000000000000e+00,7.561186873800154751e-03,4.077170411193716815e-01,-5.040791249200103630e-02,-4.540376968516139644e-02,-1.872580504949801841e-02,-2.788528868894617485e-01,1.627798555923034906e+09
0.000000000000000000e+00,4.109999999999999765e-01,0.000000000000000000e+00,-7.561186873800154751e-03,4.077170411193716815e-01,5.040791249200103630e-02,-4.847248563148533196e-02,-1.943111476296763285e-02,2.038437252464770505e-02,1.627798555987301588e+09
0.000000000000000000e+00,4.109999999999999765e-01,0.000000000000000000e+00,0.000000000000000000e+00,3.946202968795603505e-01,0.000000000000000000e+00,-5.105757421699746307e-02,-1.431349946706469110e-02,2.091729729653392031e-02,1.627798556053036213e+09
0.000000000000000000e+00,4.109999999999999765e-01,0.000000000000000000e+00,0.000000000000000000e+00,3.946202968795603505e-01,0.000000000000000000e+00,-5.404317303432108754e-02,-1.127000815189822466e-02,-1.625420554252954286e-02,1.627798556116696358e+09
0.000000000000000000e+00,4.109999999999999765e-01,0.000000000000000000e+00,0.000000000000000000e+00,4.208137853591829569e-01,0.000000000000000000e+00,-5.629889595037676497e-02,-1.376726433197479615e-03,8.486826992287965776e-02,1.627798556180891275e+09
0.000000000000000000e+00,4.109999999999999765e-01,0.000000000000000000e+00,-7.561186873800154751e-03,4.077170411193716815e-01,5.040791249200103630e-02,-5.138452816283680530e-02,3.901506230672376931e-03,-3.477334136557549971e-02,1.627798556254640341e+09
0.000000000000000000e+00,4.269999999999999907e-01,0.000000000000000000e+00,0.000000000000000000e+00,3.946202968795603505e-01,0.000000000000000000e+00,-5.074785596080474970e-02,-2.090086736971068920e-04,-2.424807712082276134e-02,1.627798556316416264e+09
0.000000000000000000e+00,4.269999999999999907e-01,0.000000000000000000e+00,0.000000000000000000e+00,3.946202968795603505e-01,0.000000000000000000e+00,-5.075993741177663859e-02,4.872894703657117826e-05,2.784531933105470827e-02,1.627798556384854555e+09
0.000000000000000000e+00,4.269999999999999907e-01,0.000000000000000000e+00,7.561186873800154751e-03,4.077170411193716815e-01,-5.040791249200103630e-02,-4.767918111367618061e-02,8.638544261811972663e-04,-9.486060939574618434e-02,1.627798556451484919e+09
0.000000000000000000e+00,4.349999999999999978e-01,0.000000000000000000e+00,7.561196807907510919e-03,4.339105468058779835e-01,-5.040797871938340613e-02,-4.710939785210650071e-02,8.952907440609039020e-04,1.652066792847264876e-02,1.627798556513759851e+09
0.000000000000000000e+00,4.349999999999999978e-01,0.000000000000000000e+00,0.000000000000000000e+00,4.470073082525730102e-01,0.000000000000000000e+00,-4.814501195207123579e-02,8.821261580444033062e-04,2.344868996299344019e-02,1.627798556579111338e+09
0.000000000000000000e+00,4.349999999999999978e-01,0.000000000000000000e+00,-7.561196807907510919e-03,4.339105468058779835e-01,5.040797871938340613e-02,-4.731683134205888486e-02,-1.984976258343530003e-03,-4.130166982118162189e-03,1.627798556653569937e+09
0.000000000000000000e+00,4.349999999999999978e-01,0.000000000000000000e+00,7.561196807907510919e-03,4.339105468058779835e-01,-5.040797871938340613e-02,-4.371220814594782567e-02,-6.025027163075727041e-03,2.038437252464770505e-02,1.627798556717785358e+09
0.000000000000000000e+00,4.349999999999999978e-01,0.000000000000000000e+00,7.561196807907510919e-03,4.339105468058779835e-01,-5.040797871938340613e-02,-3.849224814747796708e-02,-5.109678727325088488e-03,2.398161473487965198e-03,1.627798556784093618e+09
0.000000000000000000e+00,4.349999999999999978e-01,0.000000000000000000e+00,-7.561196807907510919e-03,4.339105468058779835e-01,5.040797871938340613e-02,-3.394992854272352312e-02,-2.865134078881972652e-03,-6.181927353880088682e-02,1.627798556847540617e+09
0.000000000000000000e+00,4.349999999999999978e-01,0.000000000000000000e+00,7.561196807907510919e-03,4.339105468058779835e-01,-5.040797871938340613e-02,-3.597264085498684538e-02,-2.963802972163110186e-03,6.768144602954924427e-02,1.627798556909035683e+09
0.000000000000000000e+00,4.349999999999999978e-01,0.000000000000000000e+00,0.000000000000000000e+00,4.470073082525730102e-01,0.000000000000000000e+00,-3.689926716681659474e-02,-3.964559388939239634e-03,-3.450687897963239381e-02,1.627798556971180439e+09
0.000000000000000000e+00,2.690000000000000169e-01,0.000000000000000000e+00,-1.512238368170766567e-02,4.208138025660667081e-01,1.008158912113844424e-01,-3.620635399815003153e-02,-1.295216996263771556e-02,1.105818901663895189e-02,1.627798557032204151e+09
0.000000000000000000e+00,0.000000000000000000e+00,0.000000000000000000e+00,-1.512238368170766567e-02,4.208138025660667081e-01,1.008158912113844424e-01,-3.592276098777440890e-02,-2.283065982405533406e-02,1.376278223396149025e-01,1.627798557097640514e+09
0.000000000000000000e+00,0.000000000000000000e+00,0.000000000000000000e+00,7.561206742014880966e-03,3.549006147560304081e-01,-5.040804494676587311e-02,-3.488683479079484479e-02,-3.557583326110252964e-02,7.141191943275274068e-02,1.627798557160778999e+09
0.000000000000000000e+00,0.000000000000000000e+00,0.000000000000000000e+00,0.000000000000000000e+00,-2.619351428994819500e-02,0.000000000000000000e+00,-3.343803335512496311e-02,-5.665754051536714408e-02,-1.598774315658643610e-03,1.627798557222929716e+09
0.000000000000000000e+00,0.000000000000000000e+00,0.000000000000000000e+00,0.000000000000000000e+00,0.000000000000000000e+00,0.000000000000000000e+00,-3.125459621762350509e-02,-6.899847596650070247e-02,-5.728941297776806232e-03,1.627798557286680222e+09
0.000000000000000000e+00,0.000000000000000000e+00,0.000000000000000000e+00,0.000000000000000000e+00,0.000000000000000000e+00,0.000000000000000000e+00,-3.020297412376824614e-02,-6.786212602622108958e-02,2.664623859431071960e-04,1.627798557348327398e+09
0.000000000000000000e+00,0.000000000000000000e+00,0.000000000000000000e+00,0.000000000000000000e+00,0.000000000000000000e+00,0.000000000000000000e+00,-2.952942053129229902e-02,-6.952905002486658992e-02,0.000000000000000000e+00,1.627798557415940762e+09
0.000000000000000000e+00,0.000000000000000000e+00,0.000000000000000000e+00,0.000000000000000000e+00,0.000000000000000000e+00,0.000000000000000000e+00,-2.937520978581454126e-02,-7.049182521960610515e-02,1.332311929715535980e-04,1.627798557483250380e+09
0.000000000000000000e+00,0.000000000000000000e+00,0.000000000000000000e+00,0.000000000000000000e+00,0.000000000000000000e+00,0.000000000000000000e+00,-2.927418111373265852e-02,-7.141371185235328989e-02,0.000000000000000000e+00,1.627798557549340725e+09
0.000000000000000000e+00,0.000000000000000000e+00,0.000000000000000000e+00,0.000000000000000000e+00,0.000000000000000000e+00,0.000000000000000000e+00,-2.902161642609938155e-02,-7.267653529051966432e-02,5.329247718862145005e-04,1.627798557616168022e+09
-2.929999999999999827e-01,0.000000000000000000e+00,0.000000000000000000e+00,0.000000000000000000e+00,0.000000000000000000e+00,0.000000000000000000e+00,-2.862176749175781090e-02,-7.416827939171706519e-02,5.329247718862145005e-04,1.627798557679130793e+09
-3.479999999999999760e-01,0.000000000000000000e+00,0.000000000000000000e+00,0.000000000000000000e+00,0.000000000000000000e+00,0.000000000000000000e+00,-3.553478415537832114e-02,-7.396308737767320896e-02,-1.839922774937155503e-01,1.627798557744274616e+09
-3.479999999999999760e-01,0.000000000000000000e+00,0.000000000000000000e+00,-1.744032647392997348e-01,1.309675284325316491e-02,2.528661464200079312e-01,-5.138603313545611617e-02,-7.876972232959232600e-02,3.710488724257768323e-01,1.627798557815591574e+09
-3.479999999999999760e-01,0.000000000000000000e+00,0.000000000000000000e+00,-3.188096833535392638e-01,2.619351428994820541e-02,-1.528766073727876595e-01,-5.987766347143481244e-02,-8.282288930045760000e-02,2.078406610356236736e-02,1.627798557879682541e+09
-3.479999999999999760e-01,0.000000000000000000e+00,0.000000000000000000e+00,-3.262469271062677922e-01,1.331145173497556844e-02,5.040791249200103630e-02,-6.087036387509654062e-02,-8.875883253051651545e-02,2.571362024350985070e-02,1.627798557941921711e+09
-3.479999999999999760e-01,0.000000000000000000e+00,0.000000000000000000e+00,-3.567395906422149987e-01,1.331145173497556844e-02,-5.123429776985646139e-02,-5.890929693095315473e-02,-9.882723720715511084e-02,1.485527801632822997e-01,1.627798558002947092e+09
-3.479999999999999760e-01,0.000000000000000000e+00,0.000000000000000000e+00,-3.493023613332575383e-01,0.000000000000000000e+00,5.040791249200103630e-02,-4.920953748080576090e-02,-1.052900034804748336e-01,-1.410918333568752792e-01,1.627798558070501566e+09
-3.479999999999999760e-01,0.000000000000000000e+00,0.000000000000000000e+00,-3.493023613332575383e-01,0.000000000000000000e+00,5.040791249200103630e-02,-6.438161283885203423e-02,-1.133262988277812799e-01,1.084501910788446544e-01,1.627798558148898363e+09
-3.479999999999999760e-01,0.000000000000000000e+00,0.000000000000000000e+00,-3.490544459767365160e-01,0.000000000000000000e+00,-1.024685955397129228e-01,-7.844978835465082900e-02,-1.235135983392217918e-01,2.811178171699781417e-02,1.627798558213321447e+09
-3.479999999999999760e-01,0.000000000000000000e+00,0.000000000000000000e+00,-3.568635531741113920e-01,-1.309675284325316491e-02,1.008158580976932089e-01,-7.222475352707480312e-02,-1.276953438573866229e-01,-1.346967360942407099e-01,1.627798558274852753e+09
-3.479999999999999760e-01,0.000000000000000000e+00,0.000000000000000000e+00,-3.643007824830688524e-01,-2.640820457822873335e-02,-8.263521641641939901e-04,-6.932625574929698886e-02,-1.286031404586938098e-01,1.409586021639037401e-01,1.627798558341790676e+09
-3.479999999999999760e-01,0.000000000000000000e+00,0.000000000000000000e+00,-3.568635531741113920e-01,-1.309675284325316491e-02,1.008158580976932089e-01,-6.952308407708333859e-02,-1.258014776653093580e-01,9.326183508008754029e-04,1.627798558409220695e+09
-3.479999999999999760e-01,0.000000000000000000e+00,0.000000000000000000e+00,-3.491783938343074878e-01,-2.640821318167060894e-02,-1.016422764892399577e-01,-7.040956946124207749e-02,-1.191094560844685457e-01,9.565999655357550202e-02,1.627798558471258640e+09
-3.479999999999999760e-01,0.000000000000000000e+00,0.000000000000000000e+00,-3.491783938343074878e-01,-2.640821318167060894e-02,-1.016422764892399577e-01,-6.355378984892159910e-02,-1.170334101455264286e-01,-1.605435875307221205e-01,1.627798558536726952e+09
-3.479999999999999760e-01,0.000000000000000000e+00,0.000000000000000000e+00,-3.339320717717462750e-01,0.000000000000000000e+00,1.016422102618574907e-01,-5.733432310608478633e-02,-1.177921693625728905e-01,-3.863704596175055427e-03,1.627798558599950314e+09
-3.479999999999999760e-01,0.000000000000000000e+00,0.000000000000000000e+00,-3.490544459767365160e-01,0.000000000000000000e+00,-1.024685955397129228e-01,-5.898556890334149400e-02,-1.142773747369836140e-01,-7.634147357270022749e-02,1.627798558660432339e+09
-3.479999999999999760e-01,0.000000000000000000e+00,0.000000000000000000e+00,-3.414932491688290606e-01,-1.309676144669504050e-02,-1.528765742590963428e-01,-6.573995052164392783e-02,-1.077352961497570483e-01,-7.634147357270022749e-02,1.627798558721611023e+09
-3.479999999999999760e-01,0.000000000000000000e+00,0.000000000000000000e+00,-3.568635531741113920e-01,1.309675284325316491e-02,1.008158580976932089e-01,-7.249433213994635472e-02,-1.011932175625304825e-01,-7.634147357270022749e-02,1.627798558785761118e+09
-3.479999999999999760e-01,0.000000000000000000e+00,0.000000000000000000e+00,-3.643007824830688524e-01,2.640820457822873335e-02,-8.263521641641939901e-04,-7.924871375824878161e-02,-9.465113897530391673e-02,-7.634147357270022749e-02,1.627798558844316721e+09
-3.479999999999999760e-01,0.000000000000000000e+00,0.000000000000000000e+00,-3.567396053165404757e-01,3.950496602492375997e-02,9.998953904722043817e-02,-8.600309537655120851e-02,-8.810906038807735097e-02,-7.634147357270022749e-02,1.627798558903911352e+09
-3.479999999999999760e-01,0.000000000000000000e+00,0.000000000000000000e+00,-3.641768398193874767e-01,0.000000000000000000e+00,-1.528765742590963428e-01,-9.275747699485363540e-02,-8.156698180085078520e-02,-7.634147357270022749e-02,1.627798558962767839e+09
-3.479999999999999760e-01,0.000000000000000000e+00,0.000000000000000000e+00,-3.568635531741113920e-01,-1.309675284325316491e-02,1.008158580976932089e-01,-9.951185861315606229e-02,-7.502490321362421943e-02,-7.634147357270022749e-02,1.627798559021673679e+09
-3.559999999999999831e-01,0.000000000000000000e+00,0.000000000000000000e+00,-3.643007824830688524e-01,-2.640820457822873335e-02,-8.263521641641939901e-04,-1.062662402314584892e-01,-6.848282462639765367e-02,-7.634147357270022749e-02,1.627798559080429554e+09
-3.559999999999999831e-01,0.000000000000000000e+00,0.000000000000000000e+00,-3.644247499820189029e-01,-2.619351428994819153e-02,1.512238368170767955e-01,-1.130206218497609161e-01,-6.194074603917108790e-02,-7.634147357270022749e-02,1.627798559139509678e+09
-4.510000000000000120e-01,0.000000000000000000e+00,0.000000000000000000e+00,-3.644247353076934814e-01,0.000000000000000000e+00,0.000000000000000000e+00,-1.197750034680633430e-01,-5.539866745194452213e-02,-7.634147357270022749e-02,1.627798559199635506e+09
-4.510000000000000120e-01,0.000000000000000000e+00,0.000000000000000000e+00,-3.644247353076934814e-01,0.000000000000000000e+00,0.000000000000000000e+00,-1.265293850863657699e-01,-4.885658886471795637e-02,-7.634147357270022749e-02,1.627798559259963989e+09
-3.870000000000000107e-01,0.000000000000000000e+00,0.000000000000000000e+00,-3.946695128320520940e-01,0.000000000000000000e+00,5.040791249200112650e-02,-1.332837667046682106e-01,-4.231451027749139060e-02,-7.634147357270022749e-02,1.627798559319209099e+09
-2.059999999999999887e-01,0.000000000000000000e+00,0.000000000000000000e+00,-4.327234129123368467e-01,1.309676144669502662e-02,-8.264515052378944553e-04,-1.400381483229706514e-01,-3.577243169026482483e-02,-7.634147357270022749e-02,1.627798559379220963e+09
0.000000000000000000e+00,0.000000000000000000e+00,0.000000000000000000e+00,-3.946695128320520940e-01,0.000000000000000000e+00,5.040791249200112650e-02,-1.467925299412730922e-01,-2.923035310303825560e-02,-7.634147357270022749e-02,1.627798559438102484e+09
0.000000000000000000e+00,0.000000000000000000e+00,0.000000000000000000e+00,-2.883169800811620220e-01,-2.619351428994820541e-02,-5.123426465616531811e-02,-1.535469115595755329e-01,-2.268827451581168636e-02,-7.634147357270022749e-02,1.627798559499529362e+09
0.000000000000000000e+00,0.000000000000000000e+00,0.000000000000000000e+00,-1.512238887559719420e-02,0.000000000000000000e+00,-5.040796216253787265e-02,-1.603012931778779737e-01,-1.614619592858511712e-02,-7.634147357270022749e-02,1.627798559560180426e+09
0.000000000000000000e+00,0.000000000000000000e+00,0.000000000000000000e+00,1.512238887559719420e-02,0.000000000000000000e+00,5.040796216253787265e-02,-1.670556747961804145e-01,-9.604117341358547888e-03,-7.634147357270022749e-02,1.627798559616871834e+09
0.000000000000000000e+00,0.000000000000000000e+00,0.000000000000000000e+00,0.000000000000000000e+00,0.000000000000000000e+00,0.000000000000000000e+00,-1.738100564144828553e-01,-3.062038754131978652e-03,-7.634147357270022749e-02,1.627798559674555540e+09
0.000000000000000000e+00,0.000000000000000000e+00,0.000000000000000000e+00,0.000000000000000000e+00,0.000000000000000000e+00,0.000000000000000000e+00,-1.805644380327852960e-01,3.480039833094590584e-03,-7.634147357270022749e-02,1.627798559733404160e+09
0.000000000000000000e+00,0.000000000000000000e+00,0.000000000000000000e+00,0.000000000000000000e+00,0.000000000000000000e+00,0.000000000000000000e+00,-1.873188196510877368e-01,1.002211842032115982e-02,-7.634147357270022749e-02,1.627798559792584419e+09
0.000000000000000000e+00,0.000000000000000000e+00,0.000000000000000000e+00,0.000000000000000000e+00,0.000000000000000000e+00,0.000000000000000000e+00,-1.940732012693901776e-01,1.656419700754772906e-02,-7.634147357270022749e-02,1.627798559853527546e+09
1.189999999999999947e-01,0.000000000000000000e+00,0.000000000000000000e+00,0.000000000000000000e+00,0.000000000000000000e+00,0.000000000000000000e+00,-2.008275828876926183e-01,2.310627559477429829e-02,-7.634147357270022749e-02,1.627798559914354086e+09
4.189999999999999836e-01,0.000000000000000000e+00,0.000000000000000000e+00,0.000000000000000000e+00,0.000000000000000000e+00,0.000000000000000000e+00,-2.075819645059950591e-01,2.964835418200086753e-02,-7.634147357270022749e-02,1.627798559973625898e+09
4.189999999999999836e-01,0.000000000000000000e+00,0.000000000000000000e+00,0.000000000000000000e+00,0.000000000000000000e+00,0.000000000000000000e+00,-2.143363461242974999e-01,3.619043276922744024e-02,-7.634147357270022749e-02,1.627798560030527592e+09
4.189999999999999836e-01,0.000000000000000000e+00,0.000000000000000000e+00,2.655094560168037021e-01,1.331145173497556844e-02,-2.528661464200079312e-01,-2.210907277425999407e-01,4.273251135645400600e-02,-7.634147357270022749e-02,1.627798560088356018e+09
3.320000000000000173e-01,0.000000000000000000e+00,0.000000000000000000e+00,2.958781719220158202e-01,1.309676144669504050e-02,8.263190504729605017e-04,-2.278451093609023814e-01,4.927458994368057177e-02,-7.634147357270022749e-02,1.627798560145168543e+09
3.079999999999999960e-01,0.000000000000000000e+00,0.000000000000000000e+00,3.871083209911982403e-01,1.309675284325316491e-02,3.311369123348839594e-08,-2.345994909792048222e-01,5.581666853090713754e-02,-7.634147357270022749e-02,1.627798560204040527e+09
2.849999999999999756e-01,0.000000000000000000e+00,0.000000000000000000e+00,3.416172166677791111e-01,1.331145173497556844e-02,8.263852778554274785e-04,-2.413538725975072630e-01,6.235874711813370330e-02,-7.634147357270022749e-02,1.627798560265964508e+09
2.449999999999999956e-01,0.000000000000000000e+00,0.000000000000000000e+00,3.416172166677791111e-01,1.331145173497556844e-02,8.263852778554274785e-04,-2.481082542158097037e-01,6.890082570536026907e-02,-7.634147357270022749e-02,1.627798560324955702e+09
2.449999999999999956e-01,0.000000000000000000e+00,0.000000000000000000e+00,3.034393687299233866e-01,0.000000000000000000e+00,-4.958165966891044801e-02,-2.548626358341121168e-01,7.544290429258683484e-02,-7.634147357270022749e-02,1.627798560384709597e+09
2.369999999999999885e-01,0.000000000000000000e+00,0.000000000000000000e+00,2.883169751141083093e-01,0.000000000000000000e+00,5.123429776985646139e-02,-2.616170174524145575e-01,8.198498287981340060e-02,-7.634147357270022749e-02,1.627798560443816662e+09
2.210000000000000020e-01,0.000000000000000000e+00,0.000000000000000000e+00,2.656334041049289718e-01,1.309676144669504050e-02,-9.998957216091157452e-02,-2.683713990707169983e-01,8.852706146703996637e-02,-7.634147357270022749e-02,1.627798560503029823e+09
1.900000000000000022e-01,0.000000000000000000e+00,0.000000000000000000e+00,2.275795315702756616e-01,-2.619350998822726068e-02,1.655684561674419797e-08,-2.751257806890194391e-01,9.506914005426653214e-02,-7.634147357270022749e-02,1.627798560560620070e+09
1.739999999999999880e-01,0.000000000000000000e+00,0.000000000000000000e+00,2.733185487704073990e-01,2.640821318167060894e-02,-1.512238699307679457e-01,-2.818801623073218798e-01,1.016112186414930979e-01,-7.634147357270022749e-02,1.627798560619923830e+09
1.739999999999999880e-01,0.000000000000000000e+00,0.000000000000000000e+00,2.505110231335840321e-01,1.309675714497409577e-02,1.520502386517777471e-01,-2.886345439256243206e-01,1.081532972287196637e-01,-7.634147357270022749e-02,1.627798560682184696e+09
1.739999999999999880e-01,0.000000000000000000e+00,0.000000000000000000e+00,1.972108034779834762e-01,-5.260172747161880741e-02,-9.998957216091157452e-02,-2.953889255439267614e-01,1.146953758159462294e-01,-7.634147357270022749e-02,1.627798560740643740e+09
1.739999999999999880e-01,0.000000000000000000e+00,0.000000000000000000e+00,2.275795315702756616e-01,-1.052034420380748014e-01,1.655684561674419797e-08,-3.021433071622292021e-01,1.212374544031727952e-01,-7.634147357270022749e-02,1.627798560804129601e+09
1.739999999999999880e-01,0.000000000000000000e+00,0.000000000000000000e+00,1.591569309433301660e-01,6.569847601315102759e-02,1.655684557048490638e-08,-3.088976887805316429e-01,1.277795329903993748e-01,-7.634147357270022749e-02,1.627798560865728855e+09
2.210000000000000020e-01,0.000000000000000000e+00,0.000000000000000000e+00,1.820884148292221116e-01,5.260171886817693876e-02,8.263521641641939901e-04,-3.156520703988340837e-01,1.343216115776259545e-01,-7.634147357270022749e-02,1.627798560925219774e+09
2.369999999999999885e-01,0.000000000000000000e+00,0.000000000000000000e+00,1.517196871906016098e-01,-2.619350998822726762e-02,2.032845364216342710e-01,-3.224064520171365245e-01,1.408636901648525341e-01,-7.634147357270022749e-02,1.627798560986490011e+09
2.690000000000000169e-01,0.000000000000000000e+00,0.000000000000000000e+00,2.428258701064631153e-01,5.260172747161880047e-02,-4.040900163507759602e-01,-3.291608336354389652e-01,1.474057687520791138e-01,-7.634147357270022749e-02,1.627798561045139790e+09
2.919999999999999818e-01,0.000000000000000000e+00,0.000000000000000000e+00,2.201422954949635302e-01,-3.950496602492377385e-02,3.545084229092478334e-01,-3.359152152537414060e-01,1.539478473393056934e-01,-7.634147357270022749e-02,1.627798561104928017e+09
3.079999999999999960e-01,0.000000000000000000e+00,0.000000000000000000e+00,2.884409374191687636e-01,-2.640820457822873335e-02,-2.520397942558437188e-01,-3.426695968720438468e-01,1.604899259265322731e-01,-7.634147357270022749e-02,1.627798561163797617e+09
3.079999999999999960e-01,0.000000000000000000e+00,0.000000000000000000e+00,2.655094417998684619e-01,3.950496602492376691e-02,2.032845198647886820e-01,-3.494239784903462875e-01,1.670320045137588527e-01,-7.634147357270022749e-02,1.627798561221879721e+09
3.079999999999999960e-01,0.000000000000000000e+00,0.000000000000000000e+00,3.035633165874943029e-01,-2.640821318167060894e-02,-5.040797871938340613e-02,-3.561783601086487283e-01,1.735740831009854324e-01,-7.634147357270022749e-02,1.627798561281750441e+09
3.079999999999999960e-01,0.000000000000000000e+00,0.000000000000000000e+00,2.808797507722045617e-01,3.950496602492377385e-02,-5.040794560569235999e-02,-3.629327417269511691e-01,1.801161616882120120e-01,-7.634147357270022749e-02,1.627798561341693163e+09
3.160000000000000031e-01,0.000000000000000000e+00,0.000000000000000000e+00,3.186857302983602813e-01,-5.260171886817693876e-02,6.622738246697679187e-08,-3.696871233452536099e-01,1.866582402754385916e-01,-7.634147357270022749e-02,1.627798561399233103e+09
3.160000000000000031e-01,0.000000000000000000e+00,0.000000000000000000e+00,2.883169751141083093e-01,0.000000000000000000e+00,5.123429776985646139e-02,-3.764415049635560506e-01,1.932003188626651713e-01,-7.634147357270022749e-02,1.627798561460195303e+09
3.160000000000000031e-01,0.000000000000000000e+00,0.000000000000000000e+00,2.883169800811620220e-01,2.619351428994820541e-02,5.123426465616531811e-02,-3.831958865818584914e-01,1.997423974498917509e-01,-7.634147357270022749e-02,1.627798561522999048e+09
3.160000000000000031e-01,0.000000000000000000e+00,0.000000000000000000e+00,3.034393937920280004e-01,2.619351428994820541e-02,1.016423096029311912e-01,-3.899502682001609322e-01,2.062844760371183306e-01,-7.634147357270022749e-02,1.627798561585647345e+09
3.160000000000000031e-01,0.000000000000000000e+00,0.000000000000000000e+00,2.883169800811620220e-01,2.619351428994820541e-02,5.123426465616531811e-02,-3.967046498184633729e-01,2.128265546243449102e-01,-7.634147357270022749e-02,1.627798561644365788e+09
3.160000000000000031e-01,0.000000000000000000e+00,0.000000000000000000e+00,2.883169800811620220e-01,2.619351428994820541e-02,5.123426465616531811e-02,-4.034590314367658137e-01,2.193686332115714899e-01,-7.634147357270022749e-02,1.627798561706014872e+09
3.160000000000000031e-01,0.000000000000000000e+00,0.000000000000000000e+00,3.491784085086329092e-01,-5.260172747161880047e-02,-4.958156032783683775e-02,-4.102134130550682545e-01,2.259107117987980695e-01,-7.634147357270022749e-02,1.627798561767070055e+09
3.160000000000000031e-01,0.000000000000000000e+00,0.000000000000000000e+00,3.493023613332575383e-01,0.000000000000000000e+00,-5.040791249200103630e-02,-4.169677946733706952e-01,2.324527903860246492e-01,-7.634147357270022749e-02,1.627798561828338385e+09
3.160000000000000031e-01,0.000000000000000000e+00,0.000000000000000000e+00,3.416172117007254538e-01,3.950496602492377385e-02,8.264183915465683761e-04,-4.237221762916731360e-01,2.389948689732512288e-01,-7.634147357270022749e-02,1.627798561888125896e+09
3.160000000000000031e-01,0.000000000000000000e+00,0.000000000000000000e+00,3.111245384575064277e-01,-3.950496602492377385e-02,5.040801183307463962e-02,-4.304765579099755768e-01,2.455369475604778084e-01,-7.634147357270022749e-02,1.627798561947758913e+09
3.160000000000000031e-01,0.000000000000000000e+00,0.000000000000000000e+00,3.035633165874943029e-01,-2.640821318167060894e-02,-5.040797871938340613e-02,-4.372309395282780176e-01,2.520790261477043881e-01,-7.634147357270022749e-02,1.627798562005790710e+09
3.160000000000000031e-01,0.000000000000000000e+00,0.000000000000000000e+00,2.958781719220158202e-01,-1.309676144669504050e-02,8.263190504729605017e-04,-4.439853211465804583e-01,2.586211047349309400e-01,-7.634147357270022749e-02,1.627798562064090967e+09
3.160000000000000031e-01,0.000000000000000000e+00,0.000000000000000000e+00,3.186857302983602813e-01,2.640821318167060894e-02,6.622738246697679187e-08,-4.507397027648828991e-01,2.651631833221574919e-01,-7.634147357270022749e-02,1.627798562122552872e+09
3.160000000000000031e-01,0.000000000000000000e+00,0.000000000000000000e+00,3.111245133954018138e-01,1.331145173497556844e-02,-1.008159574387669094e-01,-4.574940843831853399e-01,2.717052619093840438e-01,-7.634147357270022749e-02,1.627798562182187080e+09
3.160000000000000031e-01,0.000000000000000000e+00,0.000000000000000000e+00,3.111245133954018138e-01,1.331145173497556844e-02,-1.008159574387669094e-01,-4.642484660014877806e-01,2.782473404966105957e-01,-7.634147357270022749e-02,1.627798562245090723e+09
3.160000000000000031e-01,0.000000000000000000e+00,0.000000000000000000e+00,3.110005856328817986e-01,1.309676144669504050e-02,5.123436399723883816e-02,-4.710028476197902214e-01,2.847894190838371475e-01,-7.634147357270022749e-02,1.627798562307779551e+09
3.160000000000000031e-01,0.000000000000000000e+00,0.000000000000000000e+00,3.188096580608802966e-01,0.000000000000000000e+00,-1.520502552086233639e-01,-4.777572292380926622e-01,2.913314976710636994e-01,-7.634147357270022749e-02,1.627798562365859985e+09
3.160000000000000031e-01,0.000000000000000000e+00,0.000000000000000000e+00,3.338081189471216459e-01,2.640820457822873335e-02,-1.008158580976933061e-01,-4.845116108563951030e-01,2.978735762582902513e-01,-7.634147357270022749e-02,1.627798562427753210e+09
3.160000000000000031e-01,0.000000000000000000e+00,0.000000000000000000e+00,3.034393888249742877e-01,0.000000000000000000e+00,1.016423427166223414e-01,-4.912659924746975437e-01,3.044156548455168032e-01,-7.634147357270022749e-02,1.627798562487241983e+09
3.160000000000000031e-01,0.000000000000000000e+00,0.000000000000000000e+00,3.035633165874943029e-01,2.640821318167060894e-02,-5.040797871938340613e-02,-4.980203740929999845e-01,3.109577334327433551e-01,-7.634147357270022749e-02,1.627798562544991255e+09
3.160000000000000031e-01,0.000000000000000000e+00,0.000000000000000000e+00,3.111245133954018138e-01,1.331145173497556844e-02,-1.008159574387669094e-01,-5.047747557113023698e-01,3.174998120199699070e-01,-7.634147357270022749e-02,1.627798562602151632e+09
3.160000000000000031e-01,0.000000000000000000e+00,0.000000000000000000e+00,3.110005856328817986e-01,-1.309676144669504050e-02,5.123436399723883816e-02,-5.115291373296048105e-01,3.240418906071964589e-01,-7.634147357270022749e-02,1.627798562661049604e+09
3.160000000000000031e-01,0.000000000000000000e+00,0.000000000000000000e+00,3.339320573279751514e-01,2.619351428994820541e-02,2.032845198647886820e-01,-5.182835189479072513e-01,3.305839691944230108e-01,-7.634147357270022749e-02,1.627798562719474316e+09
3.160000000000000031e-01,0.000000000000000000e+00,0.000000000000000000e+00,3.416172117007254538e-01,3.950496602492377385e-02,8.264183915465683761e-04,-5.250379005662096921e-01,3.371260477816495627e-01,-7.634147357270022749e-02,1.627798562778526783e+09
3.160000000000000031e-01,0.000000000000000000e+00,0.000000000000000000e+00,3.188096783864856065e-01,0.000000000000000000e+00,1.528766404864788098e-01,-5.317922821845121328e-01,3.436681263688761145e-01,-7.634147357270022749e-02,1.627798562836813927e+09
3.160000000000000031e-01,0.000000000000000000e+00,0.000000000000000000e+00,3.338081189471216459e-01,-2.640820457822873335e-02,-1.008158580976933061e-01,-5.385466638028145736e-01,3.502102049561026664e-01,-7.634147357270022749e-02,1.627798562896286964e+09
3.160000000000000031e-01,0.000000000000000000e+00,0.000000000000000000e+00,3.416172117007254538e-01,-3.950496602492377385e-02,8.264183915465683761e-04,-5.453010454211170144e-01,3.567522835433292183e-01,-7.634147357270022749e-02,1.627798562955377340e+09
3.160000000000000031e-01,0.000000000000000000e+00,0.000000000000000000e+00,3.262469271062677922e-01,1.331145173497556844e-02,-5.040791249200103630e-02,-5.520554270394194551e-01,3.632943621305557702e-01,-7.634147357270022749e-02,1.627798563013855457e+09
2.690000000000000169e-01,0.000000000000000000e+00,0.000000000000000000e+00,3.110005856328817986e-01,1.309676144669504050e-02,5.123436399723883816e-02,-5.588098086577218959e-01,3.698364407177823221e-01,-7.634147357270022749e-02,1.627798563076149702e+09
2.690000000000000169e-01,0.000000000000000000e+00,0.000000000000000000e+00,3.262469221392141350e-01,3.950496602492377385e-02,-5.040787937830989301e-02,-5.655641902760243367e-01,3.763785193050088740e-01,-7.634147357270022749e-02,1.627798563150362015e+09
2.610000000000000098e-01,0.000000000000000000e+00,0.000000000000000000e+00,2.581961626051729186e-01,5.260172316989786961e-02,-5.040796216253788653e-02,-5.723185718943267775e-01,3.829205978922354259e-01,-7.634147357270022749e-02,1.627798563208985090e+09
0.000000000000000000e+00,0.000000000000000000e+00,0.000000000000000000e+00,2.731946061067260789e-01,2.619351428994820541e-02,8.263521641641939901e-04,-5.790729535126292182e-01,3.894626764794619778e-01,-7.634147357270022749e-02,1.627798563269677162e+09
0.000000000000000000e+00,0.000000000000000000e+00,0.000000000000000000e+00,2.123331925804164966e-01,2.640821318167060200e-02,1.016422764892399577e-01,-5.858273351309316590e-01,3.960047550666885297e-01,-7.634147357270022749e-02,1.627798563327028990e+09
0.000000000000000000e+00,0.000000000000000000e+00,0.000000000000000000e+00,3.024477775119438841e-02,0.000000000000000000e+00,1.008159243250757453e-01,-5.925817167492340998e-01,4.025468336539150815e-01,-7.634147357270022749e-02,1.627798563385355473e+09
0.000000000000000000e+00,0.000000000000000000e+00,0.000000000000000000e+00,0.000000000000000000e+00,0.000000000000000000e+00,0.000000000000000000e+00,-5.993360983675365405e-01,4.090889122411416334e-01,-7.634147357270022749e-02,1.627798563443569183e+09
0.000000000000000000e+00,0.000000000000000000e+00,0.000000000000000000e+00,0.000000000000000000e+00,0.000000000000000000e+00,0.000000000000000000e+00,-6.060904799858389813e-01,4.156309908283681853e-01,-7.634147357270022749e-02,1.627798563500471354e+09
0.000000000000000000e+00,0.000000000000000000e+00,0.000000000000000000e+00,0.000000000000000000e+00,0.000000000000000000e+00,0.000000000000000000e+00,-6.128448616041414221e-01,4.221730694155947372e-01,-7.634147357270022749e-02,1.627798563560489416e+09
0.000000000000000000e+00,0.000000000000000000e+00,0.000000000000000000e+00,0.000000000000000000e+00,0.000000000000000000e+00,0.000000000000000000e+00,-6.195992432224438629e-01,4.287151480028212891e-01,-7.634147357270022749e-02,1.627798563620214939e+09
-1.029999999999999943e-01,0.000000000000000000e+00,0.000000000000000000e+00,0.000000000000000000e+00,0.000000000000000000e+00,0.000000000000000000e+00,-6.263536248407463036e-01,4.352572265900478410e-01,-7.634147357270022749e-02,1.627798563680524111e+09
-1.819999999999999951e-01,0.000000000000000000e+00,0.000000000000000000e+00,0.000000000000000000e+00,0.000000000000000000e+00,0.000000000000000000e+00,-6.331080064590487444e-01,4.417993051772743929e-01,-7.634147357270022749e-02,1.627798563741858721e+09
-1.900000000000000022e-01,0.000000000000000000e+00,0.000000000000000000e+00,-6.073745618830286158e-02,0.000000000000000000e+00,-2.024581842574700585e-01,-6.398623880773511852e-01,4.483413837645009448e-01,-7.634147357270022749e-02,1.627798563804284811e+09
-2.210000000000000020e-01,0.000000000000000000e+00,0.000000000000000000e+00,-9.098222897244349905e-02,0.000000000000000000e+00,-3.032740920257002148e-01,-6.466167696956536259e-01,4.548834623517274967e-01,-7.634147357270022749e-02,1.627798563864089489e+09
-2.290000000000000091e-01,0.000000000000000000e+00,0.000000000000000000e+00,-1.820884118883050462e-01,-5.260172316989786961e-02,3.041004607467100440e-01,-6.533711513139560667e-01,4.614255409389540485e-01,-7.634147357270022749e-02,1.627798563924010038e+09
-2.290000000000000091e-01,0.000000000000000000e+00,0.000000000000000000e+00,-2.275795315702756616e-01,2.619350998822726068e-02,-1.655684561674419797e-08,-6.601255329322585075e-01,4.679676195261806004e-01,-7.634147357270022749e-02,1.627798563982606411e+09
-2.290000000000000091e-01,0.000000000000000000e+00,0.000000000000000000e+00,-2.047719905786193895e-01,-3.950496602492376691e-02,-8.263521641641939901e-04,-6.668799145505609482e-01,4.745096981134071523e-01,-7.634147357270022749e-02,1.627798564041460037e+09
-2.290000000000000091e-01,0.000000000000000000e+00,0.000000000000000000e+00,-2.198943893883240353e-01,-6.569848031487197926e-02,-5.123429776985646139e-02,-6.736342961688633890e-01,4.810517767006337042e-01,-7.634147357270022749e-02,1.627798564103534222e+09
-2.290000000000000091e-01,0.000000000000000000e+00,0.000000000000000000e+00,-2.047719982560358143e-01,1.331145603669650623e-02,-1.520502386517778581e-01,-6.803886777871658298e-01,4.875938552878602561e-01,-7.634147357270022749e-02,1.627798564164537907e+09
-1.900000000000000022e-01,0.000000000000000000e+00,0.000000000000000000e+00,-2.351407207007667477e-01,1.309676144669504050e-02,2.016318486501515461e-01,-6.871430594054682706e-01,4.941359338750868080e-01,-7.634147357270022749e-02,1.627798564223856926e+09
-1.900000000000000022e-01,0.000000000000000000e+00,0.000000000000000000e+00,-2.580722122640751182e-01,-2.619351428994820541e-02,4.958162655521921452e-02,-6.938974410237707113e-01,5.006780124623133599e-01,-7.634147357270022749e-02,1.627798564283688784e+09
-1.900000000000000022e-01,0.000000000000000000e+00,0.000000000000000000e+00,-2.733185512539342832e-01,-7.879523745984606808e-02,1.512238864876136457e-01,-7.006518226420731521e-01,5.072200910495399118e-01,-7.634147357270022749e-02,1.627798564343576908e+09
-1.900000000000000022e-01,0.000000000000000000e+00,0.000000000000000000e+00,-2.351407258946563439e-01,1.309675284325316491e-02,5.040794560569226979e-02,-7.074062042603755929e-01,5.137621696367664637e-01,-7.634147357270022749e-02,1.627798564401648283e+09
-1.819999999999999951e-01,0.000000000000000000e+00,0.000000000000000000e+00,-1.439105919534710010e-01,1.309675284325316838e-02,-1.016422764892399161e-01,-7.141605858786780336e-01,5.203042482239930155e-01,-7.634147357270022749e-02,1.627798564459666729e+09
-1.819999999999999951e-01,0.000000000000000000e+00,0.000000000000000000e+00,-1.820884118883050462e-01,5.260172316989786961e-02,3.041004607467100440e-01,-7.209149674969804744e-01,5.268463268112195674e-01,-7.634147357270022749e-02,1.627798564519207239e+09
-1.819999999999999951e-01,0.000000000000000000e+00,0.000000000000000000e+00,-1.896496096072744775e-01,-9.189199030309923300e-02,-2.528661629768535479e-01,-7.276693491152829152e-01,5.333884053984461193e-01,-7.634147357270022749e-02,1.627798564578801632e+09
-1.819999999999999951e-01,0.000000000000000000e+00,0.000000000000000000e+00,-1.973347538190812767e-01,1.052034420380748014e-01,1.008159077682301563e-01,-7.344237307335853560e-01,5.399304839856726712e-01,-7.634147357270022749e-02,1.627798564637577057e+09
-1.819999999999999951e-01,0.000000000000000000e+00,0.000000000000000000e+00,-1.364733504537149478e-01,7.879523745984606808e-02,-1.512238864876136180e-01,-7.411781123518877967e-01,5.464725625728992231e-01,-7.634147357270022749e-02,1.627798564702510834e+09
-1.660000000000000087e-01,0.000000000000000000e+00,0.000000000000000000e+00,-1.895256610654774965e-01,-3.929027143492230117e-02,2.024581842574700308e-01,-7.479324939701902375e-01,5.530146411601257750e-01,-7.634147357270022749e-02,1.627798564762146473e+09
-1.660000000000000087e-01,0.000000000000000000e+00,0.000000000000000000e+00,-1.290361019607684789e-01,-3.929027143492229424e-02,-5.057322762831703011e-01,-7.546868755884926783e-01,5.595567197473523269e-01,-7.634147357270022749e-02,1.627798564820190907e+09
-1.660000000000000087e-01,0.000000000000000000e+00,0.000000000000000000e+00,-6.829865073951937871e-02,-1.309675714497409750e-02,-3.032741085825458316e-01,-7.614412572067951190e-01,5.660987983345788788e-01,-7.634147357270022749e-02,1.627798564884946585e+09
-1.660000000000000087e-01,0.000000000000000000e+00,0.000000000000000000e+00,-1.897735619782274230e-01,-1.309675714497409577e-02,5.040796216253788653e-02,-7.681956388250975598e-01,5.726408769218054307e-01,-7.634147357270022749e-02,1.627798564945453167e+09
-1.660000000000000087e-01,0.000000000000000000e+00,0.000000000000000000e+00,-1.822123683380727499e-01,-2.619351428994819500e-02,-4.561506662847966131e-01,-7.749500204434000006e-01,5.791829555090319825e-01,-7.634147357270022749e-02,1.627798565004957914e+09
-1.580000000000000016e-01,0.000000000000000000e+00,0.000000000000000000e+00,-1.970868504228044937e-01,0.000000000000000000e+00,2.528661133063167532e-01,-7.817044020617024414e-01,5.857250340962585344e-01,-7.634147357270022749e-02,1.627798565064373016e+09
-1.419999999999999873e-01,0.000000000000000000e+00,0.000000000000000000e+00,-1.896496068969117099e-01,-3.950496602492377385e-02,-1.016422433755487242e-01,-7.884587836800048821e-01,5.922671126834850863e-01,-7.634147357270022749e-02,1.627798565124229908e+09
-1.419999999999999873e-01,0.000000000000000000e+00,0.000000000000000000e+00,-1.742793171085646742e-01,3.950496602492376691e-02,1.008158912113845396e-01,-7.952131652983073229e-01,5.988091912707116382e-01,-7.634147357270022749e-02,1.627798565183021545e+09
-1.419999999999999873e-01,0.000000000000000000e+00,0.000000000000000000e+00,-1.895256585819506678e-01,6.591317920659436891e-02,2.024581677006244973e-01,-8.019675469166097637e-01,6.053512698579381901e-01,-7.634147357270022749e-02,1.627798565241839409e+09
-1.419999999999999873e-01,0.000000000000000000e+00,0.000000000000000000e+00,-1.290361057899245545e-01,-1.309675714497409577e-02,2.528661464200079312e-01,-8.087219285349122044e-01,6.118933484451647420e-01,-7.634147357270022749e-02,1.627798565301099300e+09
-1.029999999999999943e-01,0.000000000000000000e+00,0.000000000000000000e+00,-1.517196824503836694e-01,-5.238702427817545915e-02,-3.545084063524022722e-01,-8.154763101532146452e-01,6.184354270323912939e-01,-7.634147357270022749e-02,1.627798565361786842e+09
0.000000000000000000e+00,0.000000000000000000e+00,0.000000000000000000e+00,-1.364733504537149478e-01,-7.879523745984606808e-02,-1.512238864876136180e-01,-8.222306917715170860e-01,6.249775056196178458e-01,-7.634147357270022749e-02,1.627798565423046350e+09
0.000000000000000000e+00,0.000000000000000000e+00,0.000000000000000000e+00,-9.854342555351526534e-02,3.929026713320136338e-02,-1.016422764892399438e-01,-8.289850733898195267e-01,6.315195842068443977e-01,-7.634147357270022749e-02,1.627798565484590054e+09
0.000000000000000000e+00,0.000000000000000000e+00,0.000000000000000000e+00,0.000000000000000000e+00,0.000000000000000000e+00,0.000000000000000000e+00,-8.357394550081219675e-01,6.380616627940709495e-01,-7.634147357270022749e-02,1.627798565542957783e+09
0.000000000000000000e+00,0.000000000000000000e+00,0.000000000000000000e+00,0.000000000000000000e+00,0.000000000000000000e+00,0.000000000000000000e+00,-8.424938366264244083e-01,6.446037413812975014e-01,-7.634147357270022749e-02,1.627798565603649139e+09
0.000000000000000000e+00,0.000000000000000000e+00,0.000000000000000000e+00,0.000000000000000000e+00,0.000000000000000000e+00,0.000000000000000000e+00,-8.492482182447268491e-01,6.511458199685240533e-01,-7.634147357270022749e-02,1.627798565662906170e+09
0.000000000000000000e+00,0.000000000000000000e+00,0.000000000000000000e+00,0.000000000000000000e+00,0.000000000000000000e+00,0.000000000000000000e+00,-8.560025998630292898e-01,6.576878985557506052e-01,-7.634147357270022749e-02,1.627798565721619606e+09
0.000000000000000000e+00,0.000000000000000000e+00,0.000000000000000000e+00,0.000000000000000000e+00,0.000000000000000000e+00,0.000000000000000000e+00,-8.627569814813317306e-01,6.642299771429771571e-01,-7.634147357270022749e-02,1.627798565779971600e+09
0.000000000000000000e+00,0.000000000000000000e+00,0.000000000000000000e+00,0.000000000000000000e+00,0.000000000000000000e+00,0.000000000000000000e+00,-8.695113630996341714e-01,6.707720557302037090e-01,-7.634147357270022749e-02,1.627798565838058472e+09
0.000000000000000000e+00,-1.029999999999999943e-01,0.000000000000000000e+00,0.000000000000000000e+00,0.000000000000000000e+00,0.000000000000000000e+00,-8.762657447179366121e-01,6.773141343174302609e-01,-7.634147357270022749e-02,1.627798565894927979e+09
0.000000000000000000e+00,-1.260000000000000009e-01,0.000000000000000000e+00,0.000000000000000000e+00,0.000000000000000000e+00,0.000000000000000000e+00,-8.830201263362390529e-01,6.838562129046568128e-01,-7.634147357270022749e-02,1.627798565954628706e+09
0.000000000000000000e+00,-1.580000000000000016e-01,0.000000000000000000e+00,-7.561194324380680551e-03,-1.309675714497409750e-02,5.040796216253787265e-02,-8.897745079545414937e-01,6.903982914918833647e-01,-7.634147357270022749e-02,1.627798566014682531e+09
0.000000000000000000e+00,-1.980000000000000093e-01,0.000000000000000000e+00,2.280753331423982649e-02,-6.569848031487196538e-02,-1.520502220949321859e-01,-8.965288895728439345e-01,6.969403700791099165e-01,-7.634147357270022749e-02,1.627798566074780703e+09
0.000000000000000000e+00,-2.059999999999999887e-01,0.000000000000000000e+00,0.000000000000000000e+00,-1.052034463397957392e-01,0.000000000000000000e+00,-9.032832711911463752e-01,7.034824486663364684e-01,-7.634147357270022749e-02,1.627798566133401394e+09
0.000000000000000000e+00,-2.449999999999999956e-01,0.000000000000000000e+00,0.000000000000000000e+00,-1.837839892096403416e-01,0.000000000000000000e+00,-9.100376528094488160e-01,7.100245272535630203e-01,-7.634147357270022749e-02,1.627798566192246675e+09
0.000000000000000000e+00,-2.449999999999999956e-01,0.000000000000000000e+00,0.000000000000000000e+00,-1.837839892096403416e-01,0.000000000000000000e+00,-9.167920344277512568e-01,7.165666058407895722e-01,-7.634147357270022749e-02,1.627798566253399611e+09
0.000000000000000000e+00,-2.610000000000000098e-01,0.000000000000000000e+00,1.512238864876136457e-02,-2.366004069695396561e-01,-1.008159243250757731e-01,-9.235464160460536975e-01,7.231086844280161241e-01,-7.634147357270022749e-02,1.627798566315266371e+09
0.000000000000000000e+00,-2.919999999999999818e-01,0.000000000000000000e+00,0.000000000000000000e+00,-2.366003983660978083e-01,0.000000000000000000e+00,-9.303007976643561383e-01,7.296507630152426760e-01,-7.634147357270022749e-02,1.627798566375686884e+09
0.000000000000000000e+00,-3.559999999999999831e-01,0.000000000000000000e+00,-7.561196807907524797e-03,-2.496971598127928349e-01,5.040797871938350327e-02,-9.370551792826585791e-01,7.361928416024692279e-01,-7.634147357270022749e-02,1.627798566435217857e+09
0.000000000000000000e+00,-3.559999999999999831e-01,0.000000000000000000e+00,1.524634147338599366e-02,-2.630086115477684450e-01,-1.016422764892399577e-01,-9.438095609009610198e-01,7.427349201896957798e-01,-7.634147357270022749e-02,1.627798566495285034e+09
0.000000000000000000e+00,-3.559999999999999831e-01,0.000000000000000000e+00,7.561196807907510919e-03,-3.025135861761340528e-01,-5.040797871938340613e-02,-9.505639425192634606e-01,7.492769987769223317e-01,-7.634147357270022749e-02,1.627798566554644823e+09
0.000000000000000000e+00,-3.559999999999999831e-01,0.000000000000000000e+00,-7.561186873800168629e-03,-3.287070918626403548e-01,5.040791249200112650e-02,-9.573183241375659014e-01,7.558190773641488835e-01,-7.634147357270022749e-02,1.627798566614755392e+09
0.000000000000000000e+00,-3.559999999999999831e-01,0.000000000000000000e+00,0.000000000000000000e+00,-3.156103476228290794e-01,0.000000000000000000e+00,-9.640727057558683422e-01,7.623611559513754354e-01,-7.634147357270022749e-02,1.627798566676949739e+09
0.000000000000000000e+00,-3.559999999999999831e-01,0.000000000000000000e+00,7.561206742014880966e-03,-3.549006147560304081e-01,-5.040804494676587311e-02,-9.708270873741707829e-01,7.689032345386019873e-01,-7.634147357270022749e-02,1.627798566738209963e+09
0.000000000000000000e+00,-3.559999999999999831e-01,0.000000000000000000e+00,-7.561206742014880966e-03,-3.549006147560304081e-01,5.040804494676587311e-02,-9.775814689924732237e-01,7.754453131258285392e-01,-7.634147357270022749e-02,1.627798566799002171e+09
0.000000000000000000e+00,-3.559999999999999831e-01,0.000000000000000000e+00,-7.685144665478468862e-03,-3.813088451445847404e-01,5.123429776985646139e-02,-9.843358506107756645e-01,7.819873917130550911e-01,-7.634147357270022749e-02,1.627798566860356569e+09
0.000000000000000000e+00,-3.559999999999999831e-01,0.000000000000000000e+00,-7.561206742014880966e-03,-3.549006147560304081e-01,5.040804494676587311e-02,-9.910902322290781052e-01,7.885294703002816430e-01,-7.634147357270022749e-02,1.627798566919975758e+09
0.000000000000000000e+00,-3.559999999999999831e-01,0.000000000000000000e+00,7.561206742014880966e-03,-3.549006147560304081e-01,-5.040804494676587311e-02,-9.978446138473805460e-01,7.950715488875081949e-01,-7.634147357270022749e-02,1.627798566979674816e+09
0.000000000000000000e+00,-3.079999999999999960e-01,0.000000000000000000e+00,-7.561206742014880966e-03,-3.549006147560304081e-01,5.040804494676587311e-02,-1.004598995465682876e+00,8.016136274747347468e-01,-7.634147357270022749e-02,1.627798567039466381e+09
0.000000000000000000e+00,-3.079999999999999960e-01,0.000000000000000000e+00,-7.561206742014880966e-03,-3.549006147560304081e-01,5.040804494676587311e-02,-1.011353377083985317e+00,8.081557060619612987e-01,-7.634147357270022749e-02,1.627798567098850727e+09
0.000000000000000000e+00,-2.919999999999999818e-01,0.000000000000000000e+00,7.561186873800168629e-03,-3.287070918626403548e-01,-5.040791249200112650e-02,-1.018107758702287757e+00,8.146977846491878505e-01,-7.634147357270022749e-02,1.627798567158917904e+09
0.000000000000000000e+00,-2.849999999999999756e-01,0.000000000000000000e+00,7.561186873800168629e-03,-3.287070918626403548e-01,-5.040791249200112650e-02,-1.024862140320590198e+00,8.212398632364144024e-01,-7.634147357270022749e-02,1.627798567218430996e+09
0.000000000000000000e+00,-2.849999999999999756e-01,0.000000000000000000e+00,-7.561196807907510919e-03,-3.025135861761340528e-01,5.040797871938340613e-02,-1.031616521938892639e+00,8.277819418236409543e-01,-7.634147357270022749e-02,1.627798567277551413e+09
0.000000000000000000e+00,-2.849999999999999756e-01,0.000000000000000000e+00,0.000000000000000000e+00,-3.156103476228290794e-01,0.000000000000000000e+00,-1.038370903557195080e+00,8.343240204108675062e-01,-7.634147357270022749e-02,1.627798567342248201e+09
0.000000000000000000e+00,-2.849999999999999756e-01,0.000000000000000000e+00,7.561196807907510919e-03,-3.025135861761340528e-01,-5.040797871938340613e-02,-1.045125285175497520e+00,8.408660989980940581e-01,-7.634147357270022749e-02,1.627798567404558897e+09
0.000000000000000000e+00,-2.849999999999999756e-01,0.000000000000000000e+00,0.000000000000000000e+00,-3.156103476228290794e-01,0.000000000000000000e+00,-1.051879666793799961e+00,8.474081775853206100e-01,-7.634147357270022749e-02,1.627798567464208364e+09
0.000000000000000000e+00,-2.849999999999999756e-01,0.000000000000000000e+00,7.561186873800168629e-03,-3.287070918626403548e-01,-5.040791249200112650e-02,-1.058634048412102402e+00,8.539502561725471619e-01,-7.634147357270022749e-02,1.627798567523830175e+09
0.000000000000000000e+00,-2.849999999999999756e-01,0.000000000000000000e+00,7.561186873800168629e-03,-3.287070918626403548e-01,-5.040791249200112650e-02,-1.065388430030404843e+00,8.604923347597737138e-01,-7.634147357270022749e-02,1.627798567581956387e+09
0.000000000000000000e+00,-2.849999999999999756e-01,0.000000000000000000e+00,-1.524634147338599366e-02,-2.630086115477684450e-01,1.016422764892399577e-01,-1.072142811648707283e+00,8.670344133470002657e-01,-7.634147357270022749e-02,1.627798567639891624e+09
0.000000000000000000e+00,-2.849999999999999756e-01,0.000000000000000000e+00,0.000000000000000000e+00,-2.366003983660978083e-01,0.000000000000000000e+00,-1.078897193267009724e+00,8.735764919342268175e-01,-7.634147357270022749e-02,1.627798567698460817e+09
0.000000000000000000e+00,-3.559999999999999831e-01,0.000000000000000000e+00,1.524634147338599366e-02,-2.630086115477684450e-01,-1.016422764892399577e-01,-1.085651574885312165e+00,8.801185705214533694e-01,-7.634147357270022749e-02,1.627798567759781122e+09
0.000000000000000000e+00,-3.790000000000000036e-01,0.000000000000000000e+00,7.561196807907510919e-03,-3.025135861761340528e-01,-5.040797871938340613e-02,-1.092405956503614606e+00,8.866606491086799213e-01,-7.634147357270022749e-02,1.627798567821632147e+09
0.000000000000000000e+00,-3.790000000000000036e-01,0.000000000000000000e+00,-7.561196807907510919e-03,-3.025135861761340528e-01,5.040797871938340613e-02,-1.099160338121917047e+00,8.932027276959064732e-01,-7.634147357270022749e-02,1.627798567883490562e+09
0.000000000000000000e+00,-4.030000000000000249e-01,0.000000000000000000e+00,1.512239361581504959e-02,-3.418038705162191326e-01,-1.008159574387670065e-01,-1.105914719740219487e+00,8.997448062831330251e-01,-7.634147357270022749e-02,1.627798567941757441e+09
0.000000000000000000e+00,-4.430000000000000049e-01,0.000000000000000000e+00,-7.561206742014880966e-03,-3.549006147560304081e-01,5.040804494676587311e-02,-1.112669101358521928e+00,9.062868848703595770e-01,-7.634147357270022749e-02,1.627798568003815174e+09
0.000000000000000000e+00,-4.510000000000000120e-01,0.000000000000000000e+00,1.524635140749334983e-02,-3.682120664910060182e-01,-1.016423427166223414e-01,-1.119423482976824369e+00,9.128289634575861289e-01,-7.634147357270022749e-02,1.627798568063286304e+09
0.000000000000000000e+00,-4.510000000000000120e-01,0.000000000000000000e+00,0.000000000000000000e+00,-3.946202968795603505e-01,0.000000000000000000e+00,-1.126177864595126810e+00,9.193710420448126808e-01,-7.634147357270022749e-02,1.627798568122544289e+09
0.000000000000000000e+00,-4.510000000000000120e-01,0.000000000000000000e+00,0.000000000000000000e+00,-4.208137853591829569e-01,0.000000000000000000e+00,-1.132932246213429250e+00,9.259131206320392327e-01,-7.634147357270022749e-02,1.627798568195943832e+09
0.000000000000000000e+00,-4.510000000000000120e-01,0.000000000000000000e+00,0.000000000000000000e+00,-4.470073082525730102e-01,0.000000000000000000e+00,-1.139686627831731691e+00,9.324551992192657845e-01,-7.634147357270022749e-02,1.627798568256763697e+09
0.000000000000000000e+00,-4.510000000000000120e-01,0.000000000000000000e+00,1.512238368170767955e-02,-4.470072910456892590e-01,-1.008158912113845396e-01,-1.146441009450034132e+00,9.389972778064923364e-01,-7.634147357270022749e-02,1.627798568316513062e+09
0.000000000000000000e+00,-4.109999999999999765e-01,0.000000000000000000e+00,0.000000000000000000e+00,-4.470073082525730102e-01,0.000000000000000000e+00,-1.153195391068336573e+00,9.455393563937188883e-01,-7.634147357270022749e-02,1.627798568379470825e+09
0.000000000000000000e+00,-4.030000000000000249e-01,0.000000000000000000e+00,0.000000000000000000e+00,-4.470073082525730102e-01,0.000000000000000000e+00,-1.159949772686639013e+00,9.520814349809454402e-01,-7.634147357270022749e-02,1.627798568440989017e+09
0.000000000000000000e+00,-3.870000000000000107e-01,0.000000000000000000e+00,-7.561186873800168629e-03,-4.601040524923842856e-01,5.040791249200112650e-02,-1.166704154304941454e+00,9.586235135681719921e-01,-7.634147357270022749e-02,1.627798568500605583e+09
0.000000000000000000e+00,-3.870000000000000107e-01,0.000000000000000000e+00,0.000000000000000000e+00,-4.208137853591829569e-01,0.000000000000000000e+00,-1.173458535923243895e+00,9.651655921553985440e-01,-7.634147357270022749e-02,1.627798568559877157e+09
0.000000000000000000e+00,-3.870000000000000107e-01,0.000000000000000000e+00,7.561186873800154751e-03,-4.077170411193716815e-01,-5.040791249200103630e-02,-1.180212917541546336e+00,9.717076707426250959e-01,-7.634147357270022749e-02,1.627798568618676424e+09
0.000000000000000000e+00,-3.870000000000000107e-01,0.000000000000000000e+00,7.561186873800154751e-03,-4.077170411193716815e-01,-5.040791249200103630e-02,-1.186967299159848777e+00,9.782497493298516478e-01,-7.634147357270022749e-02,1.627798568678803921e+09
0.000000000000000000e+00,-3.870000000000000107e-01,0.000000000000000000e+00,0.000000000000000000e+00,-3.946202968795603505e-01,0.000000000000000000e+00,-1.193721680778151217e+00,9.847918279170781997e-01,-7.634147357270022749e-02,1.627798568738426924e+09
0.000000000000000000e+00,-3.870000000000000107e-01,0.000000000000000000e+00,0.000000000000000000e+00,-3.946202968795603505e-01,0.000000000000000000e+00,-1.200476062396453658e+00,9.913339065043047516e-01,-7.634147357270022749e-02,1.627798568799159765e+09
0.000000000000000000e+00,-3.870000000000000107e-01,0.000000000000000000e+00,0.000000000000000000e+00,-3.946202968795603505e-01,0.000000000000000000e+00,-1.207230444014756099e+00,9.978759850915313034e-01,-7.634147357270022749e-02,1.627798568858671188e+09
0.000000000000000000e+00,-3.870000000000000107e-01,0.000000000000000000e+00,-7.685144665478468862e-03,-3.813088451445847404e-01,5.123429776985646139e-02,-1.213984825633058540e+00,1.004418063678757855e+00,-7.634147357270022749e-02,1.627798568917665720e+09
0.000000000000000000e+00,-3.870000000000000107e-01,0.000000000000000000e+00,0.000000000000000000e+00,-3.946202968795603505e-01,0.000000000000000000e+00,-1.220739207251360980e+00,1.010960142265984407e+00,-7.634147357270022749e-02,1.627798568975818157e+09
0.000000000000000000e+00,-3.870000000000000107e-01,0.000000000000000000e+00,0.000000000000000000e+00,-3.679973934096091859e-01,0.000000000000000000e+00,-1.227493588869663421e+00,1.017502220853210959e+00,-7.634147357270022749e-02,1.627798569034167051e+09
0.000000000000000000e+00,-3.870000000000000107e-01,0.000000000000000000e+00,7.561186873800154751e-03,-4.077170411193716815e-01,-5.040791249200103630e-02,-1.234247970487965862e+00,1.024044299440437511e+00,-7.634147357270022749e-02,1.627798569092384815e+09
0.000000000000000000e+00,-3.870000000000000107e-01,0.000000000000000000e+00,0.000000000000000000e+00,-3.946202968795603505e-01,0.000000000000000000e+00,-1.241002352106268303e+00,1.030586378027664063e+00,-7.634147357270022749e-02,1.627798569151455164e+09
0.000000000000000000e+00,-3.870000000000000107e-01,0.000000000000000000e+00,0.000000000000000000e+00,-3.946202968795603505e-01,0.000000000000000000e+00,-1.247756733724570744e+00,1.037128456614890615e+00,-7.634147357270022749e-02,1.627798569209499598e+09
0.000000000000000000e+00,-3.870000000000000107e-01,0.000000000000000000e+00,-7.685144665478468862e-03,-3.813088451445847404e-01,5.123429776985646139e-02,-1.254511115342873184e+00,1.043670535202117167e+00,-7.634147357270022749e-02,1.627798569267784595e+09
0.000000000000000000e+00,-3.870000000000000107e-01,0.000000000000000000e+00,0.000000000000000000e+00,-3.946202968795603505e-01,0.000000000000000000e+00,-1.261265496961175625e+00,1.050212613789343719e+00,-7.634147357270022749e-02,1.627798569326737165e+09
0.000000000000000000e+00,-3.870000000000000107e-01,0.000000000000000000e+00,7.685144665478468862e-03,-3.813088451445847404e-01,-5.123429776985646139e-02,-1.268019878579478066e+00,1.056754692376570270e+00,-7.634147357270022749e-02,1.627798569386341572e+09
0.000000000000000000e+00,-3.870000000000000107e-01,0.000000000000000000e+00,0.000000000000000000e+00,-3.946202968795603505e-01,0.000000000000000000e+00,-1.274774260197780507e+00,1.063296770963796822e+00,-7.634147357270022749e-02,1.627798569446533442e+09
0.000000000000000000e+00,-3.870000000000000107e-01,0.000000000000000000e+00,0.000000000000000000e+00,-3.946202968795603505e-01,0.000000000000000000e+00,-1.281528641816082947e+00,1.069838849551023374e+00,-7.634147357270022749e-02,1.627798569508161545e+09
0.000000000000000000e+00,-4.269999999999999907e-01,0.000000000000000000e+00,7.685144665478468862e-03,-3.813088451445847404e-01,-5.123429776985646139e-02,-1.288283023434385388e+00,1.076380928138249926e+00,-7.634147357270022749e-02,1.627798569569145441e+09
0.000000000000000000e+00,-4.269999999999999907e-01,0.000000000000000000e+00,0.000000000000000000e+00,-3.946202968795603505e-01,0.000000000000000000e+00,-1.295037405052687829e+00,1.082923006725476478e+00,-7.634147357270022749e-02,1.627798569630057335e+09
0.000000000000000000e+00,-4.269999999999999907e-01,0.000000000000000000e+00,0.000000000000000000e+00,-3.946202968795603505e-01,0.000000000000000000e+00,-1.301791786670990270e+00,1.089465085312703030e+00,-7.634147357270022749e-02,1.627798569690458536e+09
0.000000000000000000e+00,-4.269999999999999907e-01,0.000000000000000000e+00,1.524633153927862361e-02,-3.944055893843960714e-01,-1.016422102618574907e-01,-1.308546168289292710e+00,1.096007163899929582e+00,-7.634147357270022749e-02,1.627798569750617027e+09
0.000000000000000000e+00,-4.269999999999999907e-01,0.000000000000000000e+00,7.561186873800154751e-03,-4.077170411193716815e-01,-5.040791249200103630e-02,-1.315300549907595151e+00,1.102549242487156134e+00,-7.634147357270022749e-02,1.627798569809327602e+09
0.000000000000000000e+00,-4.269999999999999907e-01,0.000000000000000000e+00,7.561186873800154751e-03,-4.077170411193716815e-01,-5.040791249200103630e-02,-1.322054931525897592e+00,1.109091321074382686e+00,-7.634147357270022749e-02,1.627798569869008780e+09
0.000000000000000000e+00,-4.269999999999999907e-01,0.000000000000000000e+00,-1.512238368170767955e-02,-4.470072910456892590e-01,1.008158912113845396e-01,-1.328809313144200033e+00,1.115633399661609237e+00,-7.634147357270022749e-02,1.627798569928109646e+09
0.000000000000000000e+00,-4.269999999999999907e-01,0.000000000000000000e+00,-7.561186873800168629e-03,-4.601040524923842856e-01,5.040791249200112650e-02,-1.335563694762502474e+00,1.122175478248835789e+00,-7.634147357270022749e-02,1.627798569986241579e+09
0.000000000000000000e+00,-4.269999999999999907e-01,0.000000000000000000e+00,0.000000000000000000e+00,-4.470073082525730102e-01,0.000000000000000000e+00,-1.342318076380804914e+00,1.128717556836062341e+00,-7.634147357270022749e-02,1.627798570045435667e+09
0.000000000000000000e+00,-4.269999999999999907e-01,0.000000000000000000e+00,7.561196807907510919e-03,-4.339105468058779835e-01,-5.040797871938340613e-02,-1.349072457999107355e+00,1.135259635423288893e+00,-7.634147357270022749e-02,1.627798570103407383e+09
0.000000000000000000e+00,-4.269999999999999907e-01,0.000000000000000000e+00,7.561186873800154751e-03,-4.077170411193716815e-01,-5.040791249200103630e-02,-1.355826839617409796e+00,1.141801714010515445e+00,-7.634147357270022749e-02,1.627798570161826611e+09
0.000000000000000000e+00,-4.269999999999999907e-01,0.000000000000000000e+00,0.000000000000000000e+00,-4.208137853591829569e-01,0.000000000000000000e+00,-1.362581221235712237e+00,1.148343792597741997e+00,-7.634147357270022749e-02,1.627798570220856905e+09
0.000000000000000000e+00,-4.269999999999999907e-01,0.000000000000000000e+00,-7.561196807907510919e-03,-4.339105468058779835e-01,5.040797871938340613e-02,-1.369335602854014677e+00,1.154885871184968549e+00,-7.634147357270022749e-02,1.627798570280020714e+09
0.000000000000000000e+00,-4.269999999999999907e-01,0.000000000000000000e+00,0.000000000000000000e+00,-4.208137853591829569e-01,0.000000000000000000e+00,-1.376089984472317118e+00,1.161427949772195101e+00,-7.634147357270022749e-02,1.627798570338973045e+09
0.000000000000000000e+00,-4.269999999999999907e-01,0.000000000000000000e+00,7.561196807907510919e-03,-4.339105468058779835e-01,-5.040797871938340613e-02,-1.382844366090619559e+00,1.167970028359421653e+00,-7.634147357270022749e-02,1.627798570397860527e+09
0.000000000000000000e+00,-4.269999999999999907e-01,0.000000000000000000e+00,-7.561196807907510919e-03,-4.339105468058779835e-01,5.040797871938340613e-02,-1.389598747708922000e+00,1.174512106946648204e+00,-7.634147357270022749e-02,1.627798570456951618e+09
0.000000000000000000e+00,-4.269999999999999907e-01,0.000000000000000000e+00,0.000000000000000000e+00,-4.470073082525730102e-01,0.000000000000000000e+00,-1.396353129327224440e+00,1.181054185533874756e+00,-7.634147357270022749e-02,1.627798570517510653e+09
0.000000000000000000e+00,-3.870000000000000107e-01,0.000000000000000000e+00,-7.561196807907510919e-03,-4.339105468058779835e-01,5.040797871938340613e-02,-1.403107510945526881e+00,1.187596264121101308e+00,-7.634147357270022749e-02,1.627798570578708887e+09
0.000000000000000000e+00,-3.870000000000000107e-01,0.000000000000000000e+00,0.000000000000000000e+00,-4.470073082525730102e-01,0.000000000000000000e+00,-1.409861892563829322e+00,1.194138342708327860e+00,-7.634147357270022749e-02,1.627798570639067411e+09
0.000000000000000000e+00,-3.870000000000000107e-01,0.000000000000000000e+00,1.512238368170766567e-02,-4.208138025660667081e-01,-1.008158912113844424e-01,-1.416616274182131763e+00,1.200680421295554412e+00,-7.634147357270022749e-02,1.627798570698915482e+09
0.000000000000000000e+00,-3.870000000000000107e-01,0.000000000000000000e+00,0.000000000000000000e+00,-4.208137853591829569e-01,0.000000000000000000e+00,-1.423370655800434204e+00,1.207222499882780964e+00,-7.634147357270022749e-02,1.627798570758546591e+09
0.000000000000000000e+00,-3.870000000000000107e-01,0.000000000000000000e+00,0.000000000000000000e+00,-3.946202968795603505e-01,0.000000000000000000e+00,-1.430125037418736644e+00,1.213764578470007516e+00,-7.634147357270022749e-02,1.627798570819023848e+09
0.000000000000000000e+00,-3.870000000000000107e-01,0.000000000000000000e+00,7.685144665478468862e-03,-3.813088451445847404e-01,-5.123429776985646139e-02,-1.436879419037039085e+00,1.220306657057234068e+00,-7.634147357270022749e-02,1.627798570879702330e+09
0.000000000000000000e+00,-3.870000000000000107e-01,0.000000000000000000e+00,7.685144665478468862e-03,-3.813088451445847404e-01,-5.123429776985646139e-02,-1.443633800655341526e+00,1.226848735644460620e+00,-7.634147357270022749e-02,1.627798570941957235e+09
0.000000000000000000e+00,-3.870000000000000107e-01,0.000000000000000000e+00,0.000000000000000000e+00,-3.946202968795603505e-01,0.000000000000000000e+00,-1.450388182273643967e+00,1.233390814231687171e+00,-7.634147357270022749e-02,1.627798571002068996e+09
0.000000000000000000e+00,-3.870000000000000107e-01,0.000000000000000000e+00,7.561186873800154751e-03,-4.077170411193716815e-01,-5.040791249200103630e-02,-1.457142563891946407e+00,1.239932892818913723e+00,-7.634147357270022749e-02,1.627798571061293364e+09
0.000000000000000000e+00,-3.870000000000000107e-01,0.000000000000000000e+00,7.561186873800154751e-03,-4.077170411193716815e-01,-5.040791249200103630e-02,-1.463896945510248848e+00,1.246474971406140275e+00,-7.634147357270022749e-02,1.627798571119541645e+09
0.000000000000000000e+00,-2.290000000000000091e-01,0.000000000000000000e+00,0.000000000000000000e+00,-3.946202968795603505e-01,0.000000000000000000e+00,-1.470651327128551289e+00,1.253017049993366827e+00,-7.634147357270022749e-02,1.627798571178323030e+09
0.000000000000000000e+00,0.000000000000000000e+00,0.000000000000000000e+00,-7.685144665478468862e-03,-3.813088451445847404e-01,5.123429776985646139e-02,-1.477405708746853730e+00,1.259559128580593379e+00,-7.634147357270022749e-02,1.627798571237430096e+09
0.000000000000000000e+00,0.000000000000000000e+00,0.000000000000000000e+00,-7.561196807907510919e-03,-3.025135861761340528e-01,5.040797871938340613e-02,-1.484160090365156170e+00,1.266101207167819931e+00,-7.634147357270022749e-02,1.627798571295583487e+09
0.000000000000000000e+00,0.000000000000000000e+00,0.000000000000000000e+00,-7.561191840853839774e-03,-6.548378142314956185e-02,5.040794560569226979e-02,-1.490914471983458611e+00,1.272643285755046483e+00,-7.634147357270022749e-02,1.627798571353363276e+09
0.000000000000000000e+00,0.000000000000000000e+00,0.000000000000000000e+00,0.000000000000000000e+00,0.000000000000000000e+00,0.000000000000000000e+00,-1.497668853601761052e+00,1.279185364342273035e+00,-7.634147357270022749e-02,1.627798571410242796e+09
0.000000000000000000e+00,0.000000000000000000e+00,0.000000000000000000e+00,0.000000000000000000e+00,0.000000000000000000e+00,0.000000000000000000e+00,-1.504423235220063493e+00,1.285727442929499587e+00,-7.634147357270022749e-02,1.627798571468770504e+09
0.000000000000000000e+00,0.000000000000000000e+00,0.000000000000000000e+00,0.000000000000000000e+00,0.000000000000000000e+00,0.000000000000000000e+00,-1.511177616838365934e+00,1.292269521516726138e+00,-7.634147357270022749e-02,1.627798571527429819e+09
0.000000000000000000e+00,0.000000000000000000e+00,0.000000000000000000e+00,0.000000000000000000e+00,0.000000000000000000e+00,0.000000000000000000e+00,-1.517931998456668374e+00,1.298811600103952690e+00,-7.634147357270022749e-02,1.627798571586168289e+09
0.000000000000000000e+00,0.000000000000000000e+00,0.000000000000000000e+00,0.000000000000000000e+00,0.000000000000000000e+00,0.000000000000000000e+00,-1.524686380074970815e+00,1.305353678691179242e+00,-7.634147357270022749e-02,1.627798571643213987e+09
0.000000000000000000e+00,0.000000000000000000e+00,0.000000000000000000e+00,0.000000000000000000e+00,0.000000000000000000e+00,0.000000000000000000e+00,-1.531440761693273256e+00,1.311895757278405794e+00,-7.634147357270022749e-02,1.627798571700660944e+09
0.000000000000000000e+00,0.000000000000000000e+00,0.000000000000000000e+00,0.000000000000000000e+00,0.000000000000000000e+00,0.000000000000000000e+00,-1.538195143311575697e+00,1.318437835865632346e+00,-7.634147357270022749e-02,1.627798571757547379e+09
0.000000000000000000e+00,0.000000000000000000e+00,0.000000000000000000e+00,0.000000000000000000e+00,0.000000000000000000e+00,0.000000000000000000e+00,-1.544949524929878137e+00,1.324979914452858898e+00,-7.634147357270022749e-02,1.627798571818137646e+09
0.000000000000000000e+00,0.000000000000000000e+00,0.000000000000000000e+00,0.000000000000000000e+00,0.000000000000000000e+00,0.000000000000000000e+00,-1.551703906548180578e+00,1.331521993040085450e+00,-7.634147357270022749e-02,1.627798571878660202e+09
0.000000000000000000e+00,0.000000000000000000e+00,0.000000000000000000e+00,0.000000000000000000e+00,0.000000000000000000e+00,0.000000000000000000e+00,-1.558458288166483019e+00,1.338064071627312002e+00,-7.634147357270022749e-02,1.627798571937573671e+09
0.000000000000000000e+00,0.000000000000000000e+00,0.000000000000000000e+00,0.000000000000000000e+00,0.000000000000000000e+00,0.000000000000000000e+00,-1.565212669784785460e+00,1.344606150214538554e+00,-7.634147357270022749e-02,1.627798571995768547e+09
0.000000000000000000e+00,0.000000000000000000e+00,0.000000000000000000e+00,0.000000000000000000e+00,0.000000000000000000e+00,0.000000000000000000e+00,-1.571967051403087900e+00,1.351148228801765105e+00,-7.634147357270022749e-02,1.627798572054874182e+09
0.000000000000000000e+00,0.000000000000000000e+00,0.000000000000000000e+00,0.000000000000000000e+00,0.000000000000000000e+00,0.000000000000000000e+00,-1.578721433021390341e+00,1.357690307388991657e+00,-7.634147357270022749e-02,1.627798572113901138e+09
0.000000000000000000e+00,0.000000000000000000e+00,0.000000000000000000e+00,0.000000000000000000e+00,0.000000000000000000e+00,0.000000000000000000e+00,-1.585475814639692782e+00,1.364232385976218209e+00,-7.634147357270022749e-02,1.627798572174707890e+09
0.000000000000000000e+00,0.000000000000000000e+00,0.000000000000000000e+00,0.000000000000000000e+00,0.000000000000000000e+00,0.000000000000000000e+00,-1.592230196257995223e+00,1.370774464563444761e+00,-7.634147357270022749e-02,1.627798572232920885e+09
0.000000000000000000e+00,0.000000000000000000e+00,0.000000000000000000e+00,0.000000000000000000e+00,0.000000000000000000e+00,0.000000000000000000e+00,-1.598984577876297664e+00,1.377316543150671313e+00,-7.634147357270022749e-02,1.627798572291324139e+09
